Abbreviation,Expanded version,Context / qualification,Expansion basis,Source location
2/2,Secondary to / due to,"Causal shorthand, not a date.",Contextual interpretation (not formally defined in source),"Pasted text(6).txt: line(s) 99, 287, 434, 694, 796, 902, ..."
a,Artery,In R radial a occlusion.,Contextual interpretation (not formally defined in source),Pasted text(6).txt: line(s) 923
a line,Arterial line,,Contextual interpretation (not formally defined in source),Pasted text(6).txt: line(s) 1100
A&Ox3,Alert and oriented to three domains,The three domains are not individually specified in the source.,Contextual interpretation (not formally defined in source),Pasted text(6).txt: line(s) 183 | Pasted text(7).txt: line(s) 466
A-line,Arterial line,,Contextual interpretation (not formally defined in source),"Pasted text(6).txt: line(s) 413, 801, 829, 1023, 1077, 1475 | Pasted text(7).txt: line(s) 116, 455, 507"
a-line,Arterial line,Lowercase variant as written.,Contextual interpretation (not formally defined in source),Pasted text(7).txt: line(s) 938
A/P,Abdomen and pelvis,Imaging coverage; not the embedded suffix of C/A/P.,Contextual interpretation (not formally defined in source),"Pasted text(6).txt: line(s) 259 | Pasted text(7).txt: line(s) 711, 726, 737"
A1,A1 segment of the anterior cerebral artery,Arterial segment designation; in M1/A1.,Contextual interpretation (not formally defined in source),Pasted text(7).txt: line(s) 922
A1c,Hemoglobin A1c (glycated hemoglobin),Laboratory test.,Contextual interpretation (not formally defined in source),"Pasted text(6).txt: line(s) 15, 51, 216, 402, 449, 605, ... | Pasted text(7).txt: line(s) 104, 211, 233, 253, 270, 382, 444, 495, 546, 599, 730, 791, 897"
A2,A2 segment of the anterior cerebral artery,Arterial segment designation.,Contextual interpretation (not formally defined in source),"Pasted text(6).txt: line(s) 620, 626, 886, 889"
A3,A3 segment of the anterior cerebral artery,Arterial segment designation.,Contextual interpretation (not formally defined in source),"Pasted text(6).txt: line(s) 620, 626, 886, 889"
Ab,Antibody,,Contextual interpretation (not formally defined in source),Pasted text(6).txt: line(s) 1308
ABG,Arterial blood gas,,Contextual interpretation (not formally defined in source),"Pasted text(7).txt: line(s) 87, 94"
ABx,Antibiotics,,Contextual interpretation (not formally defined in source),"Pasted text(6).txt: line(s) 61, 62, 168, 224, 367, 410, ... | Pasted text(7).txt: line(s) 114, 218, 282, 452, 504, 606, 654, 737, 856, 973"
AC,Antecubital,Peripheral intravenous catheter location.,Contextual interpretation (not formally defined in source),"Pasted text(6).txt: line(s) 228, 1204 | Pasted text(7).txt: line(s) 221"
AC,Anticoagulation,Antithrombotic treatment context.,Contextual interpretation (not formally defined in source),"Pasted text(6).txt: line(s) 16, 55, 75, 110, 111, 239, ... | Pasted text(7).txt: line(s) 67, 69, 110, 169, 224, 228, 239, 251, 278, 364, 406, 426, 449, 603, 662, 665, 668, 673, 691, 698, 734, 768, 800, 863, 874, 901, 962"
AC,Before meals (ante cibum),In AC/HS glucose checks or sucralfate schedule.,Contextual interpretation (not formally defined in source),"Pasted text(6).txt: line(s) 216, 866 | Pasted text(7).txt: line(s) 495, 958"
AC/AP,Anticoagulation / antiplatelet therapy,Observed compound shorthand; component abbreviations are also listed.,Contextual interpretation (not formally defined in source),"Pasted text(6).txt: line(s) 16, 55, 239, 376, 407, 424, ... | Pasted text(7).txt: line(s) 69, 110, 169, 224, 239, 278, 691, 734, 863, 874, 901, 962"
AC/HS,Before meals and at bedtime,Observed compound shorthand; component abbreviations are also listed.,Contextual interpretation (not formally defined in source),"Pasted text(6).txt: line(s) 216, 866 | Pasted text(7).txt: line(s) 495, 958"
ACA,Anterior cerebral artery,,Contextual interpretation (not formally defined in source),"Pasted text(6).txt: line(s) 620, 626, 627, 889 | Pasted text(7).txt: line(s) 463"
ACDF,Anterior cervical discectomy and fusion,,Contextual interpretation (not formally defined in source),"Pasted text(6).txt: line(s) 565, 833"
ACOM,Anterior communicating artery,,Contextual interpretation (not formally defined in source),"Pasted text(6).txt: line(s) 175, 180, 181 | Pasted text(7).txt: line(s) 458, 461"
ACom,Anterior communicating artery,Mixed-case variant as written.,Contextual interpretation (not formally defined in source),Pasted text(7).txt: line(s) 463
ACTH,Adrenocorticotropic hormone,,Contextual interpretation (not formally defined in source),"Pasted text(6).txt: line(s) 758, 992"
ADC,Apparent diffusion coefficient,Magnetic resonance imaging.,Contextual interpretation (not formally defined in source),"Pasted text(6).txt: line(s) 579, 844"
AF,Atrial fibrillation,,Contextual interpretation (not formally defined in source),"Pasted text(6).txt: line(s) 2, 24, 27, 1026, 1050, 1224 | Pasted text(7).txt: line(s) 61, 82, 228, 251, 406, 423"
AF/CHF,Atrial fibrillation / congestive heart failure,Observed compound shorthand; component abbreviations are also listed.,Contextual interpretation (not formally defined in source),Pasted text(7).txt: line(s) 82
AF/flutter,Atrial fibrillation / atrial flutter,Cardiac rhythm shorthand.,Contextual interpretation (not formally defined in source),Pasted text(6).txt: line(s) 1050
AFib,Atrial fibrillation,,Contextual interpretation (not formally defined in source),Pasted text(6).txt: line(s) 27 | Pasted text(7).txt: line(s) 426
AG,Anion gap,In mixed AG/NAGMA; describes anion gap metabolic acidosis.,Contextual interpretation (not formally defined in source),"Pasted text(6).txt: line(s) 1108, 1283"
AG,Antigravity,Motor examination.,Contextual interpretation (not formally defined in source),"Pasted text(6).txt: line(s) 469, 569, 837"
AG/NAGMA,Anion gap / non-anion gap metabolic acidosis,Observed compound shorthand; component abbreviations are also listed.,Contextual interpretation (not formally defined in source),"Pasted text(6).txt: line(s) 1108, 1283"
AHRF,Acute hypoxic respiratory failure,Likely expansion. The notes also use this label for airway-protection respiratory failure without explicitly specifying the physiologic subtype.,Contextual interpretation (not formally defined in source),"Pasted text(6).txt: line(s) 36, 92, 326, 343, 389, 535, ... | Pasted text(7).txt: line(s) 612, 632, 776"
AHRF/MV,Acute hypoxic respiratory failure / mechanical ventilation,Observed compound shorthand; component abbreviations are also listed.,Contextual interpretation (not formally defined in source),"Pasted text(6).txt: line(s) 645, 902"
AIS,Acute ischemic stroke,,Contextual interpretation (not formally defined in source),"Pasted text(6).txt: line(s) 1, 5, 123, 280, 286, 620, ... | Pasted text(7).txt: line(s) 563, 813"
AKI,Acute kidney injury,,Contextual interpretation (not formally defined in source),"Pasted text(6).txt: line(s) 302, 439, 491, 620, 650, 702, ... | Pasted text(7).txt: line(s) 536, 590, 683, 950"
ALP,Alkaline phosphatase,,Contextual interpretation (not formally defined in source),"Pasted text(6).txt: line(s) 155, 1391 | Pasted text(7).txt: line(s) 843"
ALT,Alanine aminotransferase,,Contextual interpretation (not formally defined in source),"Pasted text(6).txt: line(s) 155, 445, 706, 772, 1006, 1290, ... | Pasted text(7).txt: line(s) 542, 596, 788, 843"
AM,Morning (ante meridiem),,Contextual interpretation (not formally defined in source),"Pasted text(6).txt: line(s) 645, 746, 762, 996, 1083, 1100 | Pasted text(7).txt: line(s) 54, 889, 919"
amio,Amiodarone,,Contextual interpretation (not formally defined in source),Pasted text(6).txt: line(s) 897
AMS,Altered mental status,,Contextual interpretation (not formally defined in source),"Pasted text(6).txt: line(s) 1, 1207 | Pasted text(7).txt: line(s) 406, 413, 430"
anti-Xa,Anti-activated factor X activity,Anticoagulation monitoring.,Contextual interpretation (not formally defined in source),"Pasted text(6).txt: line(s) 889, 920"
antigrav,Antigravity,Motor examination shorthand.,Contextual interpretation (not formally defined in source),Pasted text(6).txt: line(s) 330
AP,Antiplatelet therapy,Antithrombotic treatment context.,Contextual interpretation (not formally defined in source),"Pasted text(6).txt: line(s) 16, 55, 239, 376, 407, 424, ... | Pasted text(7).txt: line(s) 69, 110, 169, 224, 239, 278, 691, 734, 863, 874, 901, 962"
AP/AC,Antiplatelet therapy / anticoagulation,Observed compound shorthand; component abbreviations are also listed.,Contextual interpretation (not formally defined in source),Pasted text(6).txt: line(s) 577
AP/DAPT,Antiplatelet therapy / dual antiplatelet therapy,Observed compound shorthand; component abbreviations are also listed.,Contextual interpretation (not formally defined in source),Pasted text(6).txt: line(s) 531
AR,Aortic regurgitation,Echocardiography.,Contextual interpretation (not formally defined in source),"Pasted text(6).txt: line(s) 386, 802"
Art,Arterial,In 'Art line'.,Contextual interpretation (not formally defined in source),Pasted text(6).txt: line(s) 1130
AS,Aortic stenosis,Bioprosthetic aortic-valve disease in the cardiac history.,Contextual interpretation (not formally defined in source),Pasted text(7).txt: line(s) 425
ASA,Acetylsalicylic acid (aspirin),,Contextual interpretation (not formally defined in source),"Pasted text(6).txt: line(s) 12, 16, 55, 181, 219, 239, ... | Pasted text(7).txt: line(s) 169, 239, 252, 419, 425, 448, 469, 571, 734, 863, 881, 920, 925, 962"
ASM,Antiseizure medication,,Contextual interpretation (not formally defined in source),"Pasted text(6).txt: line(s) 416, 419, 445, 680, 706, 1219 | Pasted text(7).txt: line(s) 510, 515, 542, 743, 747"
ASMs,Antiseizure medications,,Contextual interpretation (not formally defined in source),"Pasted text(6).txt: line(s) 20, 416, 419, 677, 680, 736, ... | Pasted text(7).txt: line(s) 11, 510, 514, 515"
AST,Aspartate aminotransferase,,Contextual interpretation (not formally defined in source),"Pasted text(6).txt: line(s) 155, 445, 706, 772, 1290, 1341, ... | Pasted text(7).txt: line(s) 542, 596, 788, 843"
AST/ALT,Aspartate aminotransferase / alanine aminotransferase,Observed compound shorthand; component abbreviations are also listed.,Contextual interpretation (not formally defined in source),Pasted text(7).txt: line(s) 788
atorva,Atorvastatin,,Contextual interpretation (not formally defined in source),Pasted text(6).txt: line(s) 29 | Pasted text(7).txt: line(s) 925
AV,Aortic valve,In prosthetic AV mean gradient; separate from atrioventricular.,Contextual interpretation (not formally defined in source),Pasted text(7).txt: line(s) 424
AV,Atrioventricular,In atrioventricular block or valve.,Contextual interpretation (not formally defined in source),"Pasted text(6).txt: line(s) 139, 478 | Pasted text(7).txt: line(s) 78, 674, 828"
AVB,Atrioventricular block,,Contextual interpretation (not formally defined in source),"Pasted text(6).txt: line(s) 386, 802, 1134, 1142"
avg,Average,,Contextual interpretation (not formally defined in source),Pasted text(6).txt: line(s) 1037
AVM,Arteriovenous malformation,,Contextual interpretation (not formally defined in source),Pasted text(6).txt: line(s) 381
AVR,Aortic valve replacement,,Contextual interpretation (not formally defined in source),"Pasted text(7).txt: line(s) 406, 425"
AVR/CABG,Aortic valve replacement / coronary artery bypass grafting,Observed compound shorthand; component abbreviations are also listed.,Contextual interpretation (not formally defined in source),"Pasted text(7).txt: line(s) 406, 425"
B/l,Bilateral,,Contextual interpretation (not formally defined in source),"Pasted text(6).txt: line(s) 317, 923, 971 | Pasted text(7).txt: line(s) 603"
b/l,Bilateral,,Contextual interpretation (not formally defined in source),"Pasted text(6).txt: line(s) 129, 275, 284, 349, 416, 422, ... | Pasted text(7).txt: line(s) 8, 510, 517, 518, 739, 820"
B1,Vitamin B1 (thiamine),,Contextual interpretation (not formally defined in source),Pasted text(6).txt: line(s) 845
B12,Vitamin B12 (cobalamin),,Contextual interpretation (not formally defined in source),"Pasted text(6).txt: line(s) 602, 846, 868, 1347 | Pasted text(7).txt: line(s) 692"
B6,Vitamin B6 (pyridoxine),,Contextual interpretation (not formally defined in source),"Pasted text(6).txt: line(s) 581, 845"
BA,Basilar artery,,Contextual interpretation (not formally defined in source),"Pasted text(6).txt: line(s) 1414, 1422"
BB,Beta blocker(s),,Contextual interpretation (not formally defined in source),Pasted text(6).txt: line(s) 480 | Pasted text(7).txt: line(s) 674
BCC,Basal cell carcinoma,,Contextual interpretation (not formally defined in source),Pasted text(6).txt: line(s) 1308
BCx,Blood culture(s),,Contextual interpretation (not formally defined in source),"Pasted text(6).txt: line(s) 63, 1405 | Pasted text(7).txt: line(s) 974"
bcx,Blood culture(s),,Contextual interpretation (not formally defined in source),Pasted text(6).txt: line(s) 459
BEM,Bedside electroencephalographic monitoring,Likely institutional abbreviation; the source establishes seizure/EEG monitoring but does not spell out the formal name.,Contextual interpretation (not formally defined in source),"Pasted text(6).txt: line(s) 2, 20, 73, 80, 130, 190, ... | Pasted text(7).txt: line(s) 10, 177, 224, 238, 299, 350, 404, 413, 471, 510, 515, 568, 612, 618, 667, 700, 711, 743, 748, 749, 821, 863, 873"
BG,Basal ganglia,Hemorrhage location. The next problem heading spells out basal ganglia; separate from blood glucose.,Contextual interpretation (not formally defined in source),"Pasted text(7).txt: line(s) 61, 67"
BG,Blood glucose,Only glucose-related use appears in this source.,Contextual interpretation (not formally defined in source),"Pasted text(6).txt: line(s) 263, 310, 1293, 1456"
BID,Twice daily (bis in die),,Contextual interpretation (not formally defined in source),"Pasted text(6).txt: line(s) 28, 45, 51, 134, 140, 154, ... | Pasted text(7).txt: line(s) 1, 5, 11, 42, 82, 178, 206, 322, 351, 378, 471, 487, 492, 519, 541, 612, 618, 711, 786, 823, 829, 842, 880, 967"
BID/PRN,Twice daily / as needed,Observed compound shorthand; component abbreviations are also listed.,Contextual interpretation (not formally defined in source),"Pasted text(6).txt: line(s) 1022, 1330"
bilat,Bilateral,,Contextual interpretation (not formally defined in source),Pasted text(7).txt: line(s) 61
BiPAP,Bilevel positive airway pressure,,Contextual interpretation (not formally defined in source),Pasted text(7).txt: line(s) 944
BIRDs,Brief potentially ictal rhythmic discharges,Electroencephalographic terminology.,Contextual interpretation (not formally defined in source),"Pasted text(6).txt: line(s) 416, 419, 680 | Pasted text(7).txt: line(s) 510, 515"
BiV,Biventricular,Pacemaker description.,Contextual interpretation (not formally defined in source),"Pasted text(7).txt: line(s) 61, 82"
BiV PPM,Biventricular permanent pacemaker,Observed compound shorthand; component abbreviations are also listed.,Contextual interpretation (not formally defined in source),"Pasted text(7).txt: line(s) 61, 82"
BLE,Bilateral lower extremities,,Contextual interpretation (not formally defined in source),"Pasted text(6).txt: line(s) 416, 461, 469, 502, 522, 565, ... | Pasted text(7).txt: line(s) 61, 168, 231, 348, 449, 466, 510, 556, 666, 819"
BM,Bowel movement,,Contextual interpretation (not formally defined in source),"Pasted text(6).txt: line(s) 814, 1115, 1390, 1452, 1513 | Pasted text(7).txt: line(s) 441, 492"
BM reg,Bowel movement regimen (bowel regimen),Bowel-medication shorthand.,Contextual interpretation (not formally defined in source),"Pasted text(6).txt: line(s) 1390, 1452"
BMI,Body mass index,,Contextual interpretation (not formally defined in source),Pasted text(7).txt: line(s) 136
BMP,Basic metabolic panel,,Contextual interpretation (not formally defined in source),"Pasted text(6).txt: line(s) 393, 438, 698, 809, 1232 | Pasted text(7).txt: line(s) 97, 262, 316, 371, 721"
BMP/Na,Basic metabolic panel / sodium,Observed compound shorthand; component abbreviations are also listed.,Contextual interpretation (not formally defined in source),Pasted text(6).txt: line(s) 393
BMs,Bowel movements,,Contextual interpretation (not formally defined in source),Pasted text(6).txt: line(s) 1289
BP,Blood pressure,,Contextual interpretation (not formally defined in source),"Pasted text(6).txt: line(s) 639, 896, 1378 | Pasted text(7).txt: line(s) 117, 245, 250, 909"
BP/HR,Blood pressure / heart rate,Observed compound shorthand; component abbreviations are also listed.,Contextual interpretation (not formally defined in source),Pasted text(6).txt: line(s) 896
BPH,Benign prostatic hyperplasia,,Contextual interpretation (not formally defined in source),"Pasted text(6).txt: line(s) 255, 326, 348, 440, 701, 746, ... | Pasted text(7).txt: line(s) 36, 537, 612, 636"
bromo,Bromocriptine,Likely medication shorthand in paroxysmal sympathetic hyperactivity treatment; not spelled out in the source.,Contextual interpretation (not formally defined in source),Pasted text(6).txt: line(s) 1430
BTI,Brain Tumor Institute,Likely institutional service name; not explicitly expanded in the source.,Contextual interpretation (not formally defined in source),Pasted text(6).txt: line(s) 892
BUE,Bilateral upper extremities,,Contextual interpretation (not formally defined in source),"Pasted text(6).txt: line(s) 469, 502, 569, 666, 822, 837 | Pasted text(7).txt: line(s) 168, 231, 348, 449, 466, 666"
BUE/BLE,Bilateral upper extremities / bilateral lower extremities,Observed compound shorthand; component abbreviations are also listed.,Contextual interpretation (not formally defined in source),"Pasted text(6).txt: line(s) 469, 502, 822 | Pasted text(7).txt: line(s) 168, 231, 449, 466, 666"
BUN,Blood urea nitrogen,,Contextual interpretation (not formally defined in source),"Pasted text(6).txt: line(s) 208, 395, 439, 538, 650, 906, ... | Pasted text(7).txt: line(s) 199, 259, 262, 536, 889, 950"
bx,Biopsy,,Contextual interpretation (not formally defined in source),"Pasted text(6).txt: line(s) 123, 132, 164, 653 | Pasted text(7).txt: line(s) 813, 852"
C,Degrees Celsius,Temperature unit.,Contextual interpretation (not formally defined in source),"Pasted text(6).txt: line(s) 365, 410, 556, 783, 826, 927 | Pasted text(7).txt: line(s) 49, 218, 503, 606, 972"
C/A/P,"Chest, abdomen, and pelvis",Observed compound shorthand; component abbreviations are also listed.,Contextual interpretation (not formally defined in source),"Pasted text(6).txt: line(s) 580, 843, 1175, 1321"
c/b,Complicated by,,Contextual interpretation (not formally defined in source),"Pasted text(6).txt: line(s) 70, 123, 232, 280, 326, 373, ... | Pasted text(7).txt: line(s) 340, 458, 612, 662, 743, 813, 911"
c/d/i,"Clean, dry, and intact",,Contextual interpretation (not formally defined in source),"Pasted text(6).txt: line(s) 227, 1528 | Pasted text(7).txt: line(s) 506"
C/f,Concern for / concerning for,,Contextual interpretation (not formally defined in source),"Pasted text(6).txt: line(s) 671, 928 | Pasted text(7).txt: line(s) 175, 296, 394"
c/f,Concern for / concerning for,,Contextual interpretation (not formally defined in source),"Pasted text(6).txt: line(s) 1, 5, 6, 20, 123, 132, ... | Pasted text(7).txt: line(s) 61, 342, 345, 510, 513, 518, 551, 570, 642, 679, 813, 852"
c/g/c,"Cough, gag, and corneal reflexes (sequence not specified)",Brainstem-reflex shorthand in +c/g/c. The text does not define which c denotes cough versus corneal reflexes.,Contextual interpretation (not formally defined in source),Pasted text(7).txt: line(s) 709
C1,First cervical vertebra or spinal level,Used with laminectomy.,Contextual interpretation (not formally defined in source),"Pasted text(6).txt: line(s) 1080, 1086, 1255, 1262"
C4/5,Cervical spine level between C4 and C5,,Contextual interpretation (not formally defined in source),"Pasted text(6).txt: line(s) 574, 842"
C5/6,Cervical spine level between C5 and C6,,Contextual interpretation (not formally defined in source),"Pasted text(6).txt: line(s) 565, 833"
CA,Cancer,Used for prostate or breast cancer; distinct from Ca (calcium).,Contextual interpretation (not formally defined in source),"Pasted text(6).txt: line(s) 1, 41, 58, 70, 416, 453, ... | Pasted text(7).txt: line(s) 510, 551, 743, 757"
Ca,Calcium,Laboratory value; case-sensitive distinction from CA.,Contextual interpretation (not formally defined in source),Pasted text(6).txt: line(s) 1000
CABG,Coronary artery bypass grafting,,Contextual interpretation (not formally defined in source),"Pasted text(7).txt: line(s) 406, 425"
CAD,Coronary artery disease,,Contextual interpretation (not formally defined in source),"Pasted text(6).txt: line(s) 1326 | Pasted text(7).txt: line(s) 224, 252, 406, 425, 863, 881"
CAD/HFmrEF,Coronary artery disease / heart failure with mildly reduced ejection fraction,Observed compound shorthand; component abbreviations are also listed.,Contextual interpretation (not formally defined in source),"Pasted text(7).txt: line(s) 863, 881"
CAD/PAD,Coronary artery disease / peripheral artery disease,Observed compound shorthand; component abbreviations are also listed.,Contextual interpretation (not formally defined in source),"Pasted text(7).txt: line(s) 224, 252"
CAM,Confusion Assessment Method,"Delirium screening. The source says CAM, not CAM-ICU.",Contextual interpretation (not formally defined in source),Pasted text(6).txt: line(s) 796
cath,Catheterization,In straight-catheterization instructions.,Contextual interpretation (not formally defined in source),"Pasted text(6).txt: line(s) 255, 811"
CBC,Complete blood count,,Contextual interpretation (not formally defined in source),"Pasted text(6).txt: line(s) 225, 406, 505, 610, 779, 821, ... | Pasted text(7).txt: line(s) 276, 334, 390, 902, 967"
CC,Comfort care,Goals-of-care context.,Contextual interpretation (not formally defined in source),"Pasted text(6).txt: line(s) 416, 463, 677, 723"
cc,Cubic centimeters,Volume unit; not the prefix in cc-TGA.,Contextual interpretation (not formally defined in source),"Pasted text(6).txt: line(s) 373, 791 | Pasted text(7).txt: line(s) 61, 290, 638"
cc-TGA,Congenitally corrected transposition of the great arteries,Congenital cardiac diagnosis.,Contextual interpretation (not formally defined in source),Pasted text(6).txt: line(s) 465 | Pasted text(7).txt: line(s) 662
cc/hr,Cubic centimeters per hour,Observed compound shorthand; component abbreviations are also listed.,Contextual interpretation (not formally defined in source),Pasted text(7).txt: line(s) 638
CCA,Comfort care arrest,Appears as the component of DNR-CCA; not carotid anatomy in this source.,Contextual interpretation (not formally defined in source),"Pasted text(6).txt: line(s) 70, 120, 232, 326, 371, 416, ... | Pasted text(7).txt: line(s) 510, 612, 659, 700, 741, 743, 811, 909"
CCHS,Not expanded in source,Institutional acronym in the staff-physician attestation. The institution name is not spelled out.,Not defined in source; expansion not supplied,Pasted text(7).txt: line(s) 151
CDiff,Clostridioides difficile,Abbreviated organism name; the source does not specify the test method.,Contextual interpretation (not formally defined in source),Pasted text(6).txt: line(s) 1471
cEEG,Continuous electroencephalography,,Contextual interpretation (not formally defined in source),"Pasted text(7).txt: line(s) 1, 10, 58, 290, 294, 337"
cEEG/sz,Continuous electroencephalography / seizures,Observed compound shorthand; component abbreviations are also listed.,Contextual interpretation (not formally defined in source),Pasted text(7).txt: line(s) 58
CHADS2VASc,Congestive heart failure; hypertension; age 75 or older; diabetes mellitus; prior stroke/transient ischemic attack/thromboembolism; vascular disease; age 65-74; sex category,Risk-score mnemonic as written in the source. Likely intended CHA2DS2-VASc; the spelling is preserved rather than silently corrected.,Contextual interpretation (not formally defined in source),Pasted text(6).txt: line(s) 27
chemo,Chemotherapy,,Contextual interpretation (not formally defined in source),Pasted text(6).txt: line(s) 164 | Pasted text(7).txt: line(s) 852
chemoppx,Chemoprophylaxis,Pharmacologic thrombosis prevention in this source.,Contextual interpretation (not formally defined in source),"Pasted text(6).txt: line(s) 578 | Pasted text(7).txt: line(s) 107, 330, 961, 969"
CHF,Congestive heart failure,,Contextual interpretation (not formally defined in source),"Pasted text(7).txt: line(s) 61, 82"
CHG,Chlorhexidine gluconate,,Contextual interpretation (not formally defined in source),Pasted text(6).txt: line(s) 561
chgs,Changes,,Contextual interpretation (not formally defined in source),Pasted text(6).txt: line(s) 8
chole,Cholecystectomy,In 'lap chole'; not cholecystitis here.,Contextual interpretation (not formally defined in source),"Pasted text(6).txt: line(s) 326, 746, 981, 1006"
CICU,Cardiac intensive care unit (likely),Destination after cardiac surgery; exact institutional unit name is not expanded in the source.,Contextual interpretation (not formally defined in source),Pasted text(7).txt: line(s) 456
CIWA,Clinical Institute Withdrawal Assessment,Alcohol-withdrawal assessment context; the source does not identify a specific version.,Contextual interpretation (not formally defined in source),Pasted text(6).txt: line(s) 1044
CJD,Creutzfeldt-Jakob disease,,Contextual interpretation (not formally defined in source),Pasted text(6).txt: line(s) 133 | Pasted text(7).txt: line(s) 822
CK,Creatine kinase,,Contextual interpretation (not formally defined in source),Pasted text(6).txt: line(s) 1314
CKD,Chronic kidney disease,,Contextual interpretation (not formally defined in source),"Pasted text(6).txt: line(s) 123, 148, 620, 650, 886, 906, ... | Pasted text(7).txt: line(s) 61, 97, 224, 262, 813, 837"
CKD3,"Chronic kidney disease, stage 3",,Contextual interpretation (not formally defined in source),"Pasted text(6).txt: line(s) 416, 439, 465, 491, 1480 | Pasted text(7).txt: line(s) 510, 536, 662, 683"
CKD3a,"Chronic kidney disease, stage 3a",,Contextual interpretation (not formally defined in source),"Pasted text(6).txt: line(s) 1134, 1149"
CLB,Clobazam,,Contextual interpretation (not formally defined in source),"Pasted text(6).txt: line(s) 419, 680"
CM,Cardiomyopathy,In possible hypertrophic versus infiltrative CM.,Contextual interpretation (not formally defined in source),Pasted text(7).txt: line(s) 578
cm,Centimeters,,Contextual interpretation (not formally defined in source),"Pasted text(6).txt: line(s) 232, 235, 403, 525, 638, 653, ... | Pasted text(7).txt: line(s) 61, 85, 184, 700, 705, 871"
cm H2O,Centimeters of water,Observed compound shorthand; component abbreviations are also listed.,Contextual interpretation (not formally defined in source),"Pasted text(6).txt: line(s) 525, 1504"
CMP,Cardiomyopathy,Cardiac context; not comprehensive metabolic panel in this source.,Contextual interpretation (not formally defined in source),Pasted text(6).txt: line(s) 531
CMP,Comprehensive metabolic panel,Daily laboratory testing in the transaminitis assessment; separate from cardiomyopathy.,Contextual interpretation (not formally defined in source),Pasted text(7).txt: line(s) 788
CMV,Continuous mandatory ventilation,Component of PC-CMV and VC-CMV ventilation mode names.,Contextual interpretation (not formally defined in source),"Pasted text(6).txt: line(s) 91, 433, 534, 761 | Pasted text(7).txt: line(s) 530"
CMV,Cytomegalovirus,Infectious disease testing.,Contextual interpretation (not formally defined in source),"Pasted text(6).txt: line(s) 518, 559, 1215"
CN,Cranial nerves,,Contextual interpretation (not formally defined in source),"Pasted text(6).txt: line(s) 421, 569, 1259"
CNS,Central nervous system,,Contextual interpretation (not formally defined in source),"Pasted text(6).txt: line(s) 232, 235, 267, 518, 526, 531, ... | Pasted text(7).txt: line(s) 700, 703, 733"
consult,Consultation,Specialty consultation shorthand.,Contextual interpretation (not formally defined in source),"Pasted text(6).txt: line(s) 474, 558, 601, 806, 830, 852, ... | Pasted text(7).txt: line(s) 54, 668"
consults,Consultations,Specialty consultation shorthand.,Contextual interpretation (not formally defined in source),Pasted text(6).txt: line(s) 1090
COPD,Chronic obstructive pulmonary disease,,Contextual interpretation (not formally defined in source),"Pasted text(6).txt: line(s) 175, 203 | Pasted text(7).txt: line(s) 458, 482, 911, 944"
COPD/OSA,Chronic obstructive pulmonary disease / obstructive sleep apnea,Observed compound shorthand; component abbreviations are also listed.,Contextual interpretation (not formally defined in source),"Pasted text(6).txt: line(s) 175, 203 | Pasted text(7).txt: line(s) 458, 482, 911"
CP,Cerebral palsy,"In CP/DD; contextual expansion, not formally defined.",Contextual interpretation (not formally defined in source),"Pasted text(6).txt: line(s) 326, 333, 746, 752, 981, 985 | Pasted text(7).txt: line(s) 612"
CP/DD,Cerebral palsy / developmental disability or developmental delay,Observed compound shorthand; component abbreviations are also listed.,Contextual interpretation (not formally defined in source),"Pasted text(6).txt: line(s) 326, 333, 746, 752, 981, 985 | Pasted text(7).txt: line(s) 612"
CPA,Cerebellopontine angle,,Contextual interpretation (not formally defined in source),"Pasted text(6).txt: line(s) 1480, 1487"
CPAP,Continuous positive airway pressure,,Contextual interpretation (not formally defined in source),"Pasted text(6).txt: line(s) 202, 203, 593, 644, 806, 859, ... | Pasted text(7).txt: line(s) 192, 482, 886, 944"
CPAP/BiPAP,Continuous positive airway pressure / bilevel positive airway pressure,Observed compound shorthand; component abbreviations are also listed.,Contextual interpretation (not formally defined in source),Pasted text(7).txt: line(s) 944
Cr,Creatinine,,Contextual interpretation (not formally defined in source),"Pasted text(6).txt: line(s) 148, 208, 253, 346, 395, 439, ... | Pasted text(7).txt: line(s) 34, 97, 199, 259, 262, 536, 683, 837, 889, 950"
Cr/BUN,Creatinine / blood urea nitrogen,Observed compound shorthand; component abbreviations are also listed.,Contextual interpretation (not formally defined in source),"Pasted text(6).txt: line(s) 906 | Pasted text(7).txt: line(s) 199, 259, 262"
crani,Cranial surgery (craniotomy/craniectomy),The phrase 'crani incision' does not specify the operative subtype.,Contextual interpretation (not formally defined in source),Pasted text(6).txt: line(s) 227 | Pasted text(7).txt: line(s) 506
CRP,C-reactive protein,,Contextual interpretation (not formally defined in source),Pasted text(6).txt: line(s) 1215
CSF,Cerebrospinal fluid,,Contextual interpretation (not formally defined in source),"Pasted text(6).txt: line(s) 410, 518, 525, 557, 558, 559, ..."
CSW,Cerebral salt wasting,,Contextual interpretation (not formally defined in source),Pasted text(6).txt: line(s) 490
CT,Cardiothoracic,In CT surgery.,Contextual interpretation (not formally defined in source),Pasted text(6).txt: line(s) 315
CT,Computed tomography,Diagnostic imaging.,Contextual interpretation (not formally defined in source),"Pasted text(6).txt: line(s) 259, 435, 558, 565, 573, 695, ... | Pasted text(7).txt: line(s) 532, 711, 726, 737"
CT surgery,Cardiothoracic surgery,Specialty service.,Contextual interpretation (not formally defined in source),Pasted text(6).txt: line(s) 315
CT/MRI,Computed tomography / magnetic resonance imaging,Observed compound shorthand; component abbreviations are also listed.,Contextual interpretation (not formally defined in source),"Pasted text(6).txt: line(s) 565, 833"
CTA,Computed tomography angiography,,Contextual interpretation (not formally defined in source),"Pasted text(6).txt: line(s) 2, 8, 180, 185, 381, 471, ... | Pasted text(7).txt: line(s) 61, 224, 235, 290, 297, 342, 349, 406, 417, 458, 462, 863, 872, 922"
CTA/CTV,Computed tomography angiography / computed tomography venography,Observed compound shorthand; component abbreviations are also listed.,Contextual interpretation (not formally defined in source),"Pasted text(6).txt: line(s) 8, 185, 381, 471, 1268"
CTA/DSA,Computed tomography angiography / digital subtraction angiography,Observed compound shorthand; component abbreviations are also listed.,Contextual interpretation (not formally defined in source),"Pasted text(6).txt: line(s) 180 | Pasted text(7).txt: line(s) 458, 462"
CTH,Computed tomography of the head,,Contextual interpretation (not formally defined in source),"Pasted text(6).txt: line(s) 2, 8, 75, 81, 184, 236, ... | Pasted text(7).txt: line(s) 1, 5, 9, 61, 224, 234, 290, 296, 342, 349, 406, 416, 467, 560, 569, 662, 665, 711, 753, 766, 863, 871, 921, 926"
CTH/CTA,Computed tomography of the head / computed tomography angiography,Observed compound shorthand; component abbreviations are also listed.,Contextual interpretation (not formally defined in source),"Pasted text(6).txt: line(s) 8, 1034, 1175, 1366 | Pasted text(7).txt: line(s) 342, 349"
CTH/CTA/CTV,Computed tomography of the head / computed tomography angiography / computed tomography venography,Observed compound shorthand; component abbreviations are also listed.,Contextual interpretation (not formally defined in source),Pasted text(6).txt: line(s) 8
CTL,"Cervical, thoracic, and lumbar spine",Spinal imaging coverage.,Contextual interpretation (not formally defined in source),"Pasted text(6).txt: line(s) 565, 573, 574, 579, 833, 841, ..."
CTM,Continue to monitor,In the elevated liver-function-test assessment.,Contextual interpretation (not formally defined in source),Pasted text(7).txt: line(s) 440
CTP,Computed tomography perfusion,,Contextual interpretation (not formally defined in source),"Pasted text(7).txt: line(s) 224, 228, 236, 239, 251, 278"
CTPE,Computed tomography pulmonary embolism study,Imaging shorthand for a pulmonary-embolism evaluation; the source does not specify the acquisition protocol.,Contextual interpretation (not formally defined in source),"Pasted text(7).txt: line(s) 773, 799"
CTS,Cardiothoracic surgery,Postoperative cardiac-surgery service.,Contextual interpretation (not formally defined in source),"Pasted text(7).txt: line(s) 425, 426, 449"
CTU,Computed tomography urography,,Contextual interpretation (not formally defined in source),"Pasted text(6).txt: line(s) 652, 909"
CTV,Computed tomography venography,,Contextual interpretation (not formally defined in source),"Pasted text(6).txt: line(s) 8, 185, 381, 471, 525, 526, ... | Pasted text(7).txt: line(s) 665"
CV,Cardiovascular,Organ-system heading.,Contextual interpretation (not formally defined in source),"Pasted text(6).txt: line(s) 22, 84, 136, 194, 241, 289, ... | Pasted text(7).txt: line(s) 18, 76, 181, 243, 305, 360, 421, 473, 521, 576, 622, 670, 713, 770, 825, 876, 932"
CVA,Cerebrovascular accident,,Contextual interpretation (not formally defined in source),Pasted text(6).txt: line(s) 280 | Pasted text(7).txt: line(s) 560
CVC,Central venous catheter,,Contextual interpretation (not formally defined in source),"Pasted text(6).txt: line(s) 1130 | Pasted text(7).txt: line(s) 455, 507, 697"
CVST,Cerebral venous sinus thrombosis,,Contextual interpretation (not formally defined in source),"Pasted text(6).txt: line(s) 129, 465, 474 | Pasted text(7).txt: line(s) 662, 668, 820"
Cx,Culture(s),,Contextual interpretation (not formally defined in source),"Pasted text(6).txt: line(s) 63, 1019, 1074, 1404, 1405, 1407, ..."
cx,Culture(s),,Contextual interpretation (not formally defined in source),"Pasted text(6).txt: line(s) 298, 410, 459, 508, 556, 671, ... | Pasted text(7).txt: line(s) 554, 606, 805"
CXR,Chest radiograph (chest X-ray),,Contextual interpretation (not formally defined in source),"Pasted text(6).txt: line(s) 34, 991, 1127, 1229, 1302, 1470 | Pasted text(7).txt: line(s) 30, 89, 193, 587, 943"
d,Day(s),"Duration suffix, such as x7d or >1d.",Contextual interpretation (not formally defined in source),"Pasted text(6).txt: line(s) 169, 585, 852, 1109, 1315 | Pasted text(7).txt: line(s) 356, 805, 857"
D/c,Discontinue / discontinuation,"All identified uses here concern stopping or removing treatment/devices, not discharge.",Contextual interpretation (not formally defined in source),"Pasted text(6).txt: line(s) 1100, 1109, 1429, 1496, 1504, 1507"
d/c,Discontinue / discontinuation,"All identified uses here concern stopping or removing treatment/devices, not discharge.",Contextual interpretation (not formally defined in source),"Pasted text(6).txt: line(s) 180, 206, 216, 267, 331, 339, ... | Pasted text(7).txt: line(s) 372"
d/c'd,Discontinued,,Contextual interpretation (not formally defined in source),"Pasted text(6).txt: line(s) 180, 206, 216, 267, 339, 357, ... | Pasted text(7).txt: line(s) 372"
DAPT,Dual antiplatelet therapy,,Contextual interpretation (not formally defined in source),"Pasted text(6).txt: line(s) 531 | Pasted text(7).txt: line(s) 228, 239, 278, 427, 448"
DD,Developmental disability / developmental delay,In CP/DD; exact wording is not spelled out.,Contextual interpretation (not formally defined in source),"Pasted text(6).txt: line(s) 326, 333, 746, 752, 981, 985 | Pasted text(7).txt: line(s) 16, 612, 620"
DD,Diastolic dysfunction,Echocardiography.,Contextual interpretation (not formally defined in source),"Pasted text(6).txt: line(s) 428, 688 | Pasted text(7).txt: line(s) 523"
DDAVP,Desmopressin (1-deamino-8-D-arginine vasopressin),Medication acronym. No dose or administration recommendation is added.,Contextual interpretation (not formally defined in source),Pasted text(7).txt: line(s) 863
DDx,Differential diagnosis,,Contextual interpretation (not formally defined in source),"Pasted text(7).txt: line(s) 5, 67, 625"
Dexmed,Dexmedetomidine,,Contextual interpretation (not formally defined in source),Pasted text(6).txt: line(s) 523
dexmed,Dexmedetomidine,Lowercase medication shorthand.,Contextual interpretation (not formally defined in source),Pasted text(7).txt: line(s) 927
Dispo,Disposition,,Contextual interpretation (not formally defined in source),"Pasted text(6).txt: line(s) 67, 120, 173, 229, 277, 324, ... | Pasted text(7).txt: line(s) 58, 117, 222, 288, 337, 404, 456, 508, 558, 609, 659, 698, 741, 811, 861, 909, 979"
DL,Double-lumen,In R DL CVC.,Contextual interpretation (not formally defined in source),Pasted text(7).txt: line(s) 455
DLBCL,Diffuse large B-cell lymphoma,,Contextual interpretation (not formally defined in source),"Pasted text(6).txt: line(s) 123, 132, 164, 232, 235, 267 | Pasted text(7).txt: line(s) 700, 703, 733, 813, 852"
DM,Diabetes mellitus,Appears in 'DM II'.,Contextual interpretation (not formally defined in source),Pasted text(6).txt: line(s) 1456 | Pasted text(7).txt: line(s) 272
DM II,Type 2 diabetes mellitus,,Contextual interpretation (not formally defined in source),Pasted text(6).txt: line(s) 1456
DM2,Type 2 diabetes mellitus,,Contextual interpretation (not formally defined in source),"Pasted text(7).txt: line(s) 406, 444, 863, 897"
DNA,Deoxyribonucleic acid,,Contextual interpretation (not formally defined in source),Pasted text(6).txt: line(s) 559
DNI,Do not intubate,Component of the documented DNR-CCA/DNI code-status label.,Contextual interpretation (not formally defined in source),Pasted text(7).txt: line(s) 909
DNR,Do not resuscitate,Present within compound code-status labels.,Contextual interpretation (not formally defined in source),"Pasted text(6).txt: line(s) 70, 120, 232, 326, 371, 416, ... | Pasted text(7).txt: line(s) 510, 612, 659, 700, 741, 743, 811, 909"
DNR-CCA,Do not resuscitate - comfort care arrest,Code-status label only; no additional protocol details are supplied.,Contextual interpretation (not formally defined in source),"Pasted text(6).txt: line(s) 70, 120, 232, 326, 371, 416, ... | Pasted text(7).txt: line(s) 510, 612, 659, 700, 741, 743, 811, 909"
DNR-CCA/DNI,Do not resuscitate - comfort care arrest / do not intubate,Observed compound shorthand; component abbreviations are also listed. Code-status wording only; no institution-specific protocol is added.,Contextual interpretation (not formally defined in source),Pasted text(7).txt: line(s) 909
DNR-Comfort Care,Do not resuscitate - comfort care,Preserves the source's code-status wording.,Contextual interpretation (not formally defined in source),"Pasted text(6).txt: line(s) 728, 731, 744"
Dr.,Doctor,Professional title before a physician name.,Contextual interpretation (not formally defined in source),Pasted text(7).txt: line(s) 123
DS,Double strength,In Bactrim DS; the source does not state tablet-component doses.,Contextual interpretation (not formally defined in source),Pasted text(7).txt: line(s) 400
DSA,Digital subtraction angiography,,Contextual interpretation (not formally defined in source),"Pasted text(6).txt: line(s) 180, 186, 465, 472, 582, 1026, ... | Pasted text(7).txt: line(s) 458, 462, 468, 923"
DTI,Deep tissue injury,"Pressure-injury context, not diffusion tensor imaging.",Contextual interpretation (not formally defined in source),Pasted text(6).txt: line(s) 1168
DVT,Deep vein thrombosis,,Contextual interpretation (not formally defined in source),"Pasted text(6).txt: line(s) 70, 111, 123, 163, 502, 518, ... | Pasted text(7).txt: line(s) 45, 107, 214, 277, 330, 386, 449, 743, 795, 797, 798, 802, 813, 851, 961"
DVT/PE,Deep vein thrombosis / pulmonary embolism,Observed compound shorthand; component abbreviations are also listed.,Contextual interpretation (not formally defined in source),"Pasted text(6).txt: line(s) 518, 553, 728"
DWI,Diffusion-weighted imaging,,Contextual interpretation (not formally defined in source),"Pasted text(6).txt: line(s) 579, 844, 1207, 1212"
DWI/ADC,Diffusion-weighted imaging / apparent diffusion coefficient,Observed compound shorthand; component abbreviations are also listed.,Contextual interpretation (not formally defined in source),"Pasted text(6).txt: line(s) 579, 844"
E,Endocrine,Single-letter organ-system heading [E].,Contextual interpretation (not formally defined in source),"Pasted text(7).txt: line(s) 103, 380, 957"
E,Eye-opening component of the Glasgow Coma Scale,"Component letter in E4, not a standalone endocrine heading.",Contextual interpretation (not formally defined in source),Pasted text(7).txt: line(s) 8
E coli,Escherichia coli,,Contextual interpretation (not formally defined in source),"Pasted text(6).txt: line(s) 70, 115, 367, 785, 1020, 1215 | Pasted text(7).txt: line(s) 654, 743, 805"
E. coli,Escherichia coli,,Contextual interpretation (not formally defined in source),Pasted text(6).txt: line(s) 1352
e/o,Evidence of,,Contextual interpretation (not formally defined in source),Pasted text(6).txt: line(s) 1496 | Pasted text(7).txt: line(s) 930
E4,"Eye-opening component of the Glasgow Coma Scale, score 4",Score notation preserved without re-scoring the examination.,Contextual interpretation (not formally defined in source),Pasted text(7).txt: line(s) 8
EBL,Estimated blood loss,,Contextual interpretation (not formally defined in source),Pasted text(6).txt: line(s) 1398
EBUS,Endobronchial ultrasound,,Contextual interpretation (not formally defined in source),"Pasted text(6).txt: line(s) 123, 132, 164 | Pasted text(7).txt: line(s) 813, 852"
ECG,Electrocardiogram,,Contextual interpretation (not formally defined in source),"Pasted text(6).txt: line(s) 24, 386, 802, 990, 1051, 1224"
echo,Echocardiogram,,Contextual interpretation (not formally defined in source),Pasted text(6).txt: line(s) 481
ED,Emergency department,,Contextual interpretation (not formally defined in source),"Pasted text(7).txt: line(s) 1, 5, 290"
EEG,Electroencephalogram / electroencephalography,,Contextual interpretation (not formally defined in source),"Pasted text(6).txt: line(s) 80, 380, 470, 1494"
EEG/BEM,Electroencephalography / bedside electroencephalographic monitoring,Observed compound shorthand; component abbreviations are also listed.,Contextual interpretation (not formally defined in source),"Pasted text(6).txt: line(s) 80, 380, 470"
EF,Ejection fraction,,Contextual interpretation (not formally defined in source),"Pasted text(6).txt: line(s) 86, 138, 196, 291, 337, 386, ... | Pasted text(7).txt: line(s) 21, 184, 246, 424, 476, 523, 578, 629, 672, 772, 827, 879, 936"
EGFR,Epidermal growth factor receptor,Lung-cancer molecular marker; not estimated glomerular filtration rate.,Contextual interpretation (not formally defined in source),"Pasted text(6).txt: line(s) 416, 453, 677, 714 | Pasted text(7).txt: line(s) 510"
EIA,External iliac artery,Source inconsistency: 'L distal EIA/common femoral DVT' uses an arterial abbreviation within a venous-thrombosis description. The intended vessel is not resolved or silently changed to EIV.,Contextual interpretation (not formally defined in source),Pasted text(7).txt: line(s) 797
EKG,Electrocardiogram,,Contextual interpretation (not formally defined in source),"Pasted text(6).txt: line(s) 24, 1377 | Pasted text(7).txt: line(s) 20, 78, 183, 186, 247, 251, 307, 362, 771, 878, 934"
EKG/TTE,Electrocardiogram / transthoracic echocardiogram,Observed compound shorthand; component abbreviations are also listed.,Contextual interpretation (not formally defined in source),Pasted text(7).txt: line(s) 251
elec,Electrolyte,In electrolyte protocol.,Contextual interpretation (not formally defined in source),Pasted text(6).txt: line(s) 150
EMG,Electromyography,,Contextual interpretation (not formally defined in source),Pasted text(6).txt: line(s) 1313
EMU,Epilepsy monitoring unit,,Contextual interpretation (not formally defined in source),Pasted text(7).txt: line(s) 1
ENDO,Endocrine,Organ-system heading.,Contextual interpretation (not formally defined in source),"Pasted text(6).txt: line(s) 47, 104, 157, 215, 262, 309, ... | Pasted text(7).txt: line(s) 210, 269, 324, 443, 494, 545, 598, 645, 729, 790, 845, 896"
ENT,"Ear, nose, and throat (otolaryngology)",Specialty service.,Contextual interpretation (not formally defined in source),"Pasted text(6).txt: line(s) 558, 646, 903, 1442, 1504 | Pasted text(7).txt: line(s) 161, 165, 222"
EOM,Extraocular movements,,Contextual interpretation (not formally defined in source),Pasted text(7).txt: line(s) 231
EOMI,Extraocular movements intact,,Contextual interpretation (not formally defined in source),"Pasted text(6).txt: line(s) 183, 469, 624, 1259 | Pasted text(7).txt: line(s) 466"
EP,Electrophysiology,Cardiac electrophysiology service.,Contextual interpretation (not formally defined in source),Pasted text(6).txt: line(s) 480 | Pasted text(7).txt: line(s) 674
EPC,Epilepsia partialis continua,,Contextual interpretation (not formally defined in source),"Pasted text(6).txt: line(s) 1134, 1137"
ESBL,Extended-spectrum beta-lactamase,,Contextual interpretation (not formally defined in source),"Pasted text(6).txt: line(s) 70, 115 | Pasted text(7).txt: line(s) 51, 52, 743, 805"
ESRD,End-stage renal disease,,Contextual interpretation (not formally defined in source),"Pasted text(7).txt: line(s) 863, 889, 902"
EtOH,Ethanol (alcohol),,Contextual interpretation (not formally defined in source),"Pasted text(6).txt: line(s) 1026, 1042, 1044 | Pasted text(7).txt: line(s) 595, 911, 930"
ETT,Endotracheal tube,,Contextual interpretation (not formally defined in source),"Pasted text(6).txt: line(s) 32, 66, 91, 119, 296, 323, ... | Pasted text(7).txt: line(s) 85, 116, 557, 608, 658, 740, 810"
eval,Evaluation,,Contextual interpretation (not formally defined in source),"Pasted text(6).txt: line(s) 258, 1092 | Pasted text(7).txt: line(s) 40, 301, 578, 727"
EVD,External ventricular drain,,Contextual interpretation (not formally defined in source),"Pasted text(6).txt: line(s) 373, 377, 407, 412, 413, 518, ..."
EVD/ICP,External ventricular drain / intracranial pressure,Observed compound shorthand; component abbreviations are also listed.,Contextual interpretation (not formally defined in source),Pasted text(6).txt: line(s) 1078
EVT,Endovascular therapy / endovascular thrombectomy,Acute ischemic stroke treatment context; exact preferred wording is not formally defined.,Contextual interpretation (not formally defined in source),"Pasted text(6).txt: line(s) 2, 10, 280, 286, 297, 620, ... | Pasted text(7).txt: line(s) 346, 406, 411, 413, 560, 563, 911, 914"
Ex,Examination,Heading for neurologic examination.,Contextual interpretation (not formally defined in source),"Pasted text(6).txt: line(s) 79, 183, 238, 284, 330, 379, ... | Pasted text(7).txt: line(s) 8, 168, 231, 295, 348, 414, 466, 517, 566, 619, 666, 709, 752, 819, 870, 917"
Exam,Examination,Capitalized variant as written.,Contextual interpretation (not formally defined in source),"Pasted text(7).txt: line(s) 290, 463"
exam,Examination,,Contextual interpretation (not formally defined in source),"Pasted text(6).txt: line(s) 6, 20, 70, 92, 177, 180, ... | Pasted text(7).txt: line(s) 61, 117, 406, 458, 662, 743, 753, 778"
ext,Extremities,In 'all ext'.,Contextual interpretation (not formally defined in source),Pasted text(6).txt: line(s) 79
F,Female,"Sex suffix attached to an age, such as 33F.",Contextual interpretation (not formally defined in source),"Pasted text(6).txt: line(s) 70, 175, 280, 373, 465, 518, ... | Pasted text(7).txt: line(s) 61, 161, 224, 290, 340, 458, 560, 662, 743"
F,Friday,Component of the M/W/F dialysis schedule; separate from the female age/sex suffix.,Contextual interpretation (not formally defined in source),"Pasted text(7).txt: line(s) 863, 889"
F/u,Follow-up,Capitalized variant as written.,Contextual interpretation (not formally defined in source),Pasted text(7).txt: line(s) 109
f/u,Follow-up,,Contextual interpretation (not formally defined in source),Pasted text(6).txt: line(s) 821 | Pasted text(7).txt: line(s) 578
FDG,Fluorodeoxyglucose,Positron emission tomography tracer.,Contextual interpretation (not formally defined in source),"Pasted text(6).txt: line(s) 123, 131 | Pasted text(7).txt: line(s) 813"
FDG-avid,Fluorodeoxyglucose-avid,Imaging descriptor; avid uptake of the tracer.,Contextual interpretation (not formally defined in source),"Pasted text(6).txt: line(s) 123, 131 | Pasted text(7).txt: line(s) 813"
FEES,Flexible endoscopic evaluation of swallowing,,Contextual interpretation (not formally defined in source),Pasted text(6).txt: line(s) 496
FEIBA,Factor eight inhibitor bypassing activity,Product-name acronym.,Contextual interpretation (not formally defined in source),"Pasted text(6).txt: line(s) 1026, 1050"
FFP,Fresh frozen plasma,,Contextual interpretation (not formally defined in source),Pasted text(7).txt: line(s) 69
FFP/PCC,Fresh frozen plasma / prothrombin complex concentrate,Observed compound shorthand; component abbreviations are also listed.,Contextual interpretation (not formally defined in source),Pasted text(7).txt: line(s) 69
FiO2,Fraction of inspired oxygen,,Contextual interpretation (not formally defined in source),"Pasted text(6).txt: line(s) 91, 296, 342, 433, 534, 644, ... | Pasted text(7).txt: line(s) 530, 584, 632, 718"
FLAIR,Fluid-attenuated inversion recovery,Magnetic resonance imaging sequence.,Contextual interpretation (not formally defined in source),"Pasted text(6).txt: line(s) 129, 1213 | Pasted text(7).txt: line(s) 820"
FMS,Fecal management system,,Contextual interpretation (not formally defined in source),"Pasted text(6).txt: line(s) 444, 462, 1390, 1452, 1475 | Pasted text(7).txt: line(s) 541, 557, 608"
Fr,French,Catheter-size unit.,Contextual interpretation (not formally defined in source),Pasted text(6).txt: line(s) 209
FS,Face symmetric,Neurologic examination.,Contextual interpretation (not formally defined in source),Pasted text(6).txt: line(s) 469
FT,Feeding tube,,Contextual interpretation (not formally defined in source),Pasted text(6).txt: line(s) 255
FTN,Finger-to-nose,Coordination examination.,Contextual interpretation (not formally defined in source),Pasted text(7).txt: line(s) 231
FWD,Free water deficit,,Contextual interpretation (not formally defined in source),Pasted text(6).txt: line(s) 809
FWF,Free water flushes,,Contextual interpretation (not formally defined in source),"Pasted text(6).txt: line(s) 42, 99, 149, 393, 438, 444, ... | Pasted text(7).txt: line(s) 535, 838"
G,Gauge,Catheter-size suffix in 20G and 22G.,Contextual interpretation (not formally defined in source),"Pasted text(7).txt: line(s) 57, 287"
g,Grams,,Contextual interpretation (not formally defined in source),"Pasted text(6).txt: line(s) 134, 236, 267, 557, 585, 633, ... | Pasted text(7).txt: line(s) 1, 5, 11, 61, 93, 351, 612, 618, 711, 733, 823"
g/m2,Grams per square meter,Observed compound shorthand; component abbreviations are also listed.,Contextual interpretation (not formally defined in source),Pasted text(6).txt: line(s) 267 | Pasted text(7).txt: line(s) 733
GB,Gallbladder,In dilated GB/sludge.,Contextual interpretation (not formally defined in source),Pasted text(7).txt: line(s) 788
GBM,Glioblastoma (glioblastoma multiforme),Conventional abbreviation; preserves the source diagnosis label.,Contextual interpretation (not formally defined in source),"Pasted text(6).txt: line(s) 70, 74 | Pasted text(7).txt: line(s) 743, 757"
GBP,Gabapentin,,Contextual interpretation (not formally defined in source),"Pasted text(6).txt: line(s) 585, 850"
GBP/PGB,Gabapentin / pregabalin,Observed compound shorthand; component abbreviations are also listed.,Contextual interpretation (not formally defined in source),"Pasted text(6).txt: line(s) 585, 850"
GCA,Giant cell arteritis,,Contextual interpretation (not formally defined in source),"Pasted text(6).txt: line(s) 527, 549"
GCS,Glasgow Coma Scale,,Contextual interpretation (not formally defined in source),"Pasted text(6).txt: line(s) 177, 183, 284, 379, 416, 420, ... | Pasted text(7).txt: line(s) 1, 8, 61, 167, 295, 348, 466, 510, 517, 566, 619, 752, 819, 870"
GDMT,Guideline-directed medical therapy,,Contextual interpretation (not formally defined in source),Pasted text(6).txt: line(s) 531
Gen,General,In Gen Surg.,Contextual interpretation (not formally defined in source),Pasted text(6).txt: line(s) 1397 | Pasted text(7).txt: line(s) 642
Gen Surg,General Surgery,Specialty service.,Contextual interpretation (not formally defined in source),Pasted text(6).txt: line(s) 1397 | Pasted text(7).txt: line(s) 642
GERD,Gastroesophageal reflux disease,,Contextual interpretation (not formally defined in source),"Pasted text(7).txt: line(s) 208, 439"
GGT,Gamma-glutamyl transferase,,Contextual interpretation (not formally defined in source),"Pasted text(6).txt: line(s) 155, 445, 706 | Pasted text(7).txt: line(s) 542, 788"
GI,Gastrointestinal,Organ-system heading.,Contextual interpretation (not formally defined in source),"Pasted text(6).txt: line(s) 44, 98, 152, 211, 257, 259, ... | Pasted text(7).txt: line(s) 39, 89, 99, 203, 264, 319, 374, 437, 490, 539, 593, 640, 686, 724, 784, 840, 892, 952"
Glu,Glucose,,Contextual interpretation (not formally defined in source),"Pasted text(6).txt: line(s) 51, 105, 547, 1067, 1194"
Gluc,Glucose,,Contextual interpretation (not formally defined in source),Pasted text(7).txt: line(s) 211
GNB,Gram-negative bacilli,,Contextual interpretation (not formally defined in source),"Pasted text(6).txt: line(s) 518, 525, 557, 728"
GNR,Gram-negative rods,,Contextual interpretation (not formally defined in source),Pasted text(6).txt: line(s) 1405
GOC,Goals of care,,Contextual interpretation (not formally defined in source),"Pasted text(6).txt: line(s) 70, 96, 120, 164, 419, 435, ... | Pasted text(7).txt: line(s) 73, 117, 510, 516, 531, 551, 558, 743, 763, 811, 852"
GPC,Gram-positive cocci,,Contextual interpretation (not formally defined in source),"Pasted text(6).txt: line(s) 718, 1405"
GTC,Generalized tonic-clonic seizure,Seizure semiology label used in the source.,Contextual interpretation (not formally defined in source),Pasted text(6).txt: line(s) 1134
gtt,Continuous infusion (drip),"Infusion usage in this source, rather than a count of drops.",Contextual interpretation (not formally defined in source),"Pasted text(6).txt: line(s) 629, 889, 896, 919, 920, 1108, ... | Pasted text(7).txt: line(s) 104, 495, 730"
GU,Genitourinary,,Contextual interpretation (not formally defined in source),"Pasted text(6).txt: line(s) 38, 40, 66, 95, 147, 205, ... | Pasted text(7).txt: line(s) 32, 91, 195, 258, 314, 370, 432, 484, 534, 589, 635, 681, 720, 722, 740, 780, 836, 888, 946"
GYN,Gynecology,Component of OB/GYN.,Contextual interpretation (not formally defined in source),Pasted text(6).txt: line(s) 101 | Pasted text(7).txt: line(s) 787
H,Head,Component of H/N in computed tomography angiography coverage.,Contextual interpretation (not formally defined in source),"Pasted text(7).txt: line(s) 61, 922"
H,Hematology,Single-letter organ-system heading [H].,Contextual interpretation (not formally defined in source),"Pasted text(7).txt: line(s) 106, 385, 960"
h,Hour(s),"Time or frequency suffix, such as 24h and q6h.",Contextual interpretation (not formally defined in source),"Pasted text(6).txt: line(s) 11, 36, 67, 73, 74, 76, ... | Pasted text(7).txt: line(s) 7, 68, 117, 166, 167, 177, 179, 198, 211, 222, 224, 228, 230, 325, 347, 358, 376, 383, 412, 434, 447, 465, 486, 519, 535, 546, 550, 565, 577, 599, 602, 616, 651, 665, 682, 691, 704, 707, 730, 734, 751, 755, 760, 818, 830, 846, 851, 869, 897, 901"
H/N,Head and neck,Observed compound shorthand; component abbreviations are also listed.,Contextual interpretation (not formally defined in source),"Pasted text(7).txt: line(s) 61, 922"
H/o,History of,,Contextual interpretation (not formally defined in source),"Pasted text(6).txt: line(s) 41, 317, 971 | Pasted text(7).txt: line(s) 52, 303"
H2O,Water,Chemical formula; in pressure units cm H2O.,Contextual interpretation (not formally defined in source),"Pasted text(6).txt: line(s) 525, 1504"
H3,Histone H3,"Molecular designation in the documented glioma description; conventional expansion inferred, not defined in the source.",Contextual interpretation (not formally defined in source),"Pasted text(7).txt: line(s) 340, 354"
H3 K27M,Histone H3 with lysine-to-methionine substitution at amino-acid position 27,"Observed compound shorthand; component abbreviations are also listed. Conventional molecular expansion inferred, not defined in the source; no diagnostic reclassification is made.",Contextual interpretation (not formally defined in source),"Pasted text(7).txt: line(s) 340, 354"
HA,Headache,,Contextual interpretation (not formally defined in source),"Pasted text(6).txt: line(s) 518, 527, 728 | Pasted text(7).txt: line(s) 228"
HCC,Hierarchical condition category (likely),Unconfirmed coding suffix attached to chordoma and depression diagnoses. The source does not expand it; it is not interpreted as a separate hepatocellular carcinoma diagnosis.,Contextual interpretation (not formally defined in source),"Pasted text(7).txt: line(s) 129, 138"
HCO3,Bicarbonate,,Contextual interpretation (not formally defined in source),"Pasted text(6).txt: line(s) 492 | Pasted text(7).txt: line(s) 28, 87, 684"
HCTZ,Hydrochlorothiazide,,Contextual interpretation (not formally defined in source),"Pasted text(6).txt: line(s) 198, 206, 430, 641, 690, 898, ... | Pasted text(7).txt: line(s) 477, 525"
HCV,Hepatitis C virus,,Contextual interpretation (not formally defined in source),Pasted text(6).txt: line(s) 1414
HD,Hemodialysis,Renal replacement therapy; separate from the high-dose prefix in HD-MTX.,Contextual interpretation (not formally defined in source),"Pasted text(7).txt: line(s) 889, 908"
HD,High-dose,Component of HD-MTX; not hemodialysis here.,Contextual interpretation (not formally defined in source),"Pasted text(6).txt: line(s) 232, 267 | Pasted text(7).txt: line(s) 700, 733"
HD-MTX,High-dose methotrexate,,Contextual interpretation (not formally defined in source),"Pasted text(6).txt: line(s) 232, 267 | Pasted text(7).txt: line(s) 700, 733"
HDS,Hemodynamically stable,,Contextual interpretation (not formally defined in source),Pasted text(7).txt: line(s) 966
HEME,Hematology,Specialty or organ-system heading.,Contextual interpretation (not formally defined in source),"Pasted text(6).txt: line(s) 53, 108, 162, 218, 265, 313, ... | Pasted text(7).txt: line(s) 44, 213, 274, 329, 446, 497, 548, 601, 649, 689, 732, 793, 850, 899"
Heme,Hematology,Specialty or organ-system heading.,Contextual interpretation (not formally defined in source),"Pasted text(6).txt: line(s) 127, 164, 406, 665, 821, 922 | Pasted text(7).txt: line(s) 817, 852"
Heme-Onc,Hematology / Oncology,Observed compound shorthand; component abbreviations are also listed.,Contextual interpretation (not formally defined in source),Pasted text(6).txt: line(s) 127 | Pasted text(7).txt: line(s) 817
HEME/ONC,Hematology / Oncology,Observed compound shorthand; component abbreviations are also listed.,Contextual interpretation (not formally defined in source),"Pasted text(6).txt: line(s) 53, 108, 162, 218, 265, 313, ... | Pasted text(7).txt: line(s) 44, 274, 446, 497, 548, 601, 649, 689, 732, 793, 850, 899"
Heme/Onc,Hematology / Oncology,Observed compound shorthand; component abbreviations are also listed.,Contextual interpretation (not formally defined in source),"Pasted text(6).txt: line(s) 164, 922 | Pasted text(7).txt: line(s) 852"
Hep,Heparin,In 'Hep gtt'.,Contextual interpretation (not formally defined in source),Pasted text(6).txt: line(s) 920
HF,Heart failure,,Contextual interpretation (not formally defined in source),Pasted text(6).txt: line(s) 531
HFmrEF,Heart failure with mildly reduced ejection fraction,Conventional expansion of the documented history label; not a reinterpretation of the separately reported current ejection fraction.,Contextual interpretation (not formally defined in source),"Pasted text(7).txt: line(s) 863, 881"
HFrecEF,Heart failure with recovered ejection fraction,,Contextual interpretation (not formally defined in source),"Pasted text(6).txt: line(s) 465, 481 | Pasted text(7).txt: line(s) 662, 675"
HFrecEF/pAF,Heart failure with recovered ejection fraction / paroxysmal atrial fibrillation,Observed compound shorthand; component abbreviations are also listed.,Contextual interpretation (not formally defined in source),Pasted text(6).txt: line(s) 481 | Pasted text(7).txt: line(s) 675
HFrEF,Heart failure with reduced ejection fraction,,Contextual interpretation (not formally defined in source),"Pasted text(6).txt: line(s) 639, 896"
Hgb,Hemoglobin,,Contextual interpretation (not formally defined in source),"Pasted text(6).txt: line(s) 57, 165, 220, 268, 316, 361, ... | Pasted text(7).txt: line(s) 46, 108, 215, 275, 331, 447, 549, 602, 650, 690, 794, 853, 900, 911, 963, 969"
Hgb/Plt,Hemoglobin / platelet count,Observed compound shorthand; component abbreviations are also listed.,Contextual interpretation (not formally defined in source),"Pasted text(7).txt: line(s) 108, 215, 275, 331, 447, 963"
Hgb/Plt/INR,Hemoglobin / platelet count / international normalized ratio,Observed compound shorthand; component abbreviations are also listed.,Contextual interpretation (not formally defined in source),"Pasted text(7).txt: line(s) 331, 963"
HHV,Human herpesvirus,The source does not specify the numbered type; do not assume HHV-6.,Contextual interpretation (not formally defined in source),Pasted text(6).txt: line(s) 1215
HI1,"Hemorrhagic infarction, type 1",Hemorrhagic transformation classification.,Contextual interpretation (not formally defined in source),"Pasted text(6).txt: line(s) 280, 286, 934, 939 | Pasted text(7).txt: line(s) 560, 563"
HIDA,Hepatobiliary iminodiacetic acid,Nuclear medicine scan designation.,Contextual interpretation (not formally defined in source),"Pasted text(6).txt: line(s) 326, 339, 353, 772, 1006 | Pasted text(7).txt: line(s) 626, 642"
HIV,Human immunodeficiency virus,,Contextual interpretation (not formally defined in source),Pasted text(6).txt: line(s) 845
HLD,Hyperlipidemia,,Contextual interpretation (not formally defined in source),"Pasted text(6).txt: line(s) 1, 29, 175, 199, 232, 373, ... | Pasted text(7).txt: line(s) 187, 224, 253, 406, 458, 700, 882"
HOB,Head of bed,,Contextual interpretation (not formally defined in source),"Pasted text(6).txt: line(s) 298, 472, 975, 1033, 1425 | Pasted text(7).txt: line(s) 166, 665, 869"
HoTN,Hypotension,,Contextual interpretation (not formally defined in source),Pasted text(6).txt: line(s) 1437
HPF,High-power field,Urine microscopy.,Contextual interpretation (not formally defined in source),Pasted text(6).txt: line(s) 1201 | Pasted text(7).txt: line(s) 395
HR,Heart rate,,Contextual interpretation (not formally defined in source),"Pasted text(6).txt: line(s) 639, 896, 990 | Pasted text(7).txt: line(s) 78, 307, 715"
hr,Hour,,Contextual interpretation (not formally defined in source),"Pasted text(6).txt: line(s) 39, 305, 596, 629, 855, 1005, ... | Pasted text(7).txt: line(s) 92, 196, 315, 433, 485, 638, 755, 947"
HR/BP,Heart rate / blood pressure,Observed compound shorthand; component abbreviations are also listed.,Contextual interpretation (not formally defined in source),Pasted text(6).txt: line(s) 639
hrs,Hours,,Contextual interpretation (not formally defined in source),Pasted text(7).txt: line(s) 926
HS,At bedtime (hora somni),Medication and glucose-check timing.,Contextual interpretation (not formally defined in source),"Pasted text(6).txt: line(s) 73, 191, 216, 286, 419, 680, ... | Pasted text(7).txt: line(s) 36, 187, 419, 478, 495, 519, 571, 636, 754, 882, 958"
HSQ,"Heparin, subcutaneous",,Contextual interpretation (not formally defined in source),"Pasted text(6).txt: line(s) 219, 452 | Pasted text(7).txt: line(s) 45, 498, 550, 651"
hsTn,High-sensitivity troponin,The source does not specify troponin I versus T for this abbreviation.,Contextual interpretation (not formally defined in source),Pasted text(7).txt: line(s) 881
hsTnT,High-sensitivity troponin T,,Contextual interpretation (not formally defined in source),"Pasted text(6).txt: line(s) 27, 531, 1098, 1276"
HSV,Herpes simplex virus,,Contextual interpretation (not formally defined in source),"Pasted text(6).txt: line(s) 559, 1215"
HT,Hemorrhagic transformation,Stroke context; distinct from HTN.,Contextual interpretation (not formally defined in source),"Pasted text(6).txt: line(s) 280, 286, 620, 886, 889, 920, ... | Pasted text(7).txt: line(s) 560, 563"
HTN,Hypertension,,Contextual interpretation (not formally defined in source),"Pasted text(6).txt: line(s) 1, 28, 123, 175, 177, 198, ... | Pasted text(7).txt: line(s) 61, 67, 81, 133, 161, 185, 224, 406, 458, 477, 510, 525, 560, 577, 700, 813, 863, 880"
HTN/CAD/HLD,Hypertension / coronary artery disease / hyperlipidemia,Observed compound shorthand; component abbreviations are also listed.,Contextual interpretation (not formally defined in source),Pasted text(6).txt: line(s) 1326
HTN/HLD,Hypertension / hyperlipidemia,Observed compound shorthand; component abbreviations are also listed.,Contextual interpretation (not formally defined in source),"Pasted text(6).txt: line(s) 175, 373, 620, 791, 1378 | Pasted text(7).txt: line(s) 224, 406, 458, 700"
HTN/HLD/T2DM,Hypertension / hyperlipidemia / type 2 diabetes mellitus,Observed compound shorthand; component abbreviations are also listed.,Contextual interpretation (not formally defined in source),Pasted text(7).txt: line(s) 700
HTS,Hypertonic saline,,Contextual interpretation (not formally defined in source),"Pasted text(6).txt: line(s) 254, 490, 1026, 1108, 1283"
hypercoag,Hypercoagulability,In 'hypercoag workup'.,Contextual interpretation (not formally defined in source),Pasted text(6).txt: line(s) 1175
hypomag,Hypomagnesemia,,Contextual interpretation (not formally defined in source),Pasted text(6).txt: line(s) 1445
I&D,Incision and drainage,In the setting of repeat debridement; whether the author intended 'irrigation and debridement' is not specified.,Contextual interpretation (not formally defined in source),"Pasted text(6).txt: line(s) 1359, 1403"
I&O,Intake and output,Observed compound shorthand; component abbreviations are also listed.,Contextual interpretation (not formally defined in source),Pasted text(7).txt: line(s) 95
I/O,Intake and output,,Contextual interpretation (not formally defined in source),"Pasted text(6).txt: line(s) 209, 481, 491, 649, 906 | Pasted text(7).txt: line(s) 93, 488, 675"
I/Os,Intake and output,,Contextual interpretation (not formally defined in source),Pasted text(6).txt: line(s) 1384 | Pasted text(7).txt: line(s) 198
IA,Intra-arterial,,Contextual interpretation (not formally defined in source),"Pasted text(6).txt: line(s) 177, 180, 186 | Pasted text(7).txt: line(s) 458, 462"
ICA,Internal carotid artery,,Contextual interpretation (not formally defined in source),"Pasted text(6).txt: line(s) 175, 1172, 1175, 1359, 1364, 1366 | Pasted text(7).txt: line(s) 161, 165, 406, 417, 458, 463, 872, 911, 914, 922, 923"
ICA/MCA,Internal carotid artery / middle cerebral artery,Observed compound shorthand; component abbreviations are also listed.,Contextual interpretation (not formally defined in source),Pasted text(6).txt: line(s) 1366
ICH,Intracerebral hemorrhage,Parenchymal hemorrhage and ICH-score context.,Contextual interpretation (not formally defined in source),"Pasted text(6).txt: line(s) 373, 376, 406, 407, 791, 794, ... | Pasted text(7).txt: line(s) 61, 67, 107, 117, 290, 293, 296, 342, 349, 364, 863, 866, 871, 901"
ICH/IVH,Intracerebral hemorrhage / intraventricular hemorrhage,Observed compound shorthand; component abbreviations are also listed.,Contextual interpretation (not formally defined in source),"Pasted text(6).txt: line(s) 373, 376, 791, 794, 796, 1480, ..."
ICP,Intracranial pressure,,Contextual interpretation (not formally defined in source),"Pasted text(6).txt: line(s) 1037, 1078 | Pasted text(7).txt: line(s) 715"
ICU,Intensive care unit,,Contextual interpretation (not formally defined in source),"Pasted text(6).txt: line(s) 563, 744 | Pasted text(7).txt: line(s) 1, 121, 224, 288, 290"
ID,Infectious Diseases,Specialty service or organ-system heading.,Contextual interpretation (not formally defined in source),"Pasted text(6).txt: line(s) 60, 113, 167, 223, 270, 319, ... | Pasted text(7).txt: line(s) 48, 54, 112, 217, 280, 333, 392, 451, 502, 553, 605, 653, 694, 736, 804, 855, 904, 971"
IDA,Iron deficiency anemia,,Contextual interpretation (not formally defined in source),Pasted text(6).txt: line(s) 610
iHD,Intermittent hemodialysis,,Contextual interpretation (not formally defined in source),"Pasted text(7).txt: line(s) 863, 889"
IJ,Internal jugular,Venous catheter location.,Contextual interpretation (not formally defined in source),"Pasted text(6).txt: line(s) 512, 562, 1475 | Pasted text(7).txt: line(s) 507, 697"
IN,Intranasal,Medication route in midazolam 10 mg IN.,Contextual interpretation (not formally defined in source),"Pasted text(7).txt: line(s) 1, 5"
Inc,Increase,,Contextual interpretation (not formally defined in source),Pasted text(6).txt: line(s) 42
inc,Increase,,Contextual interpretation (not formally defined in source),"Pasted text(6).txt: line(s) 1094, 1500"
iNIHSS,Initial National Institutes of Health Stroke Scale,,Contextual interpretation (not formally defined in source),Pasted text(7).txt: line(s) 911
INR,International normalized ratio,,Contextual interpretation (not formally defined in source),"Pasted text(6).txt: line(s) 455, 502, 552, 779, 794 | Pasted text(7).txt: line(s) 109, 331, 549, 690, 794, 900, 963"
Intra-op,Intraoperative,,Contextual interpretation (not formally defined in source),Pasted text(6).txt: line(s) 1405
intra-op,Intraoperative,,Contextual interpretation (not formally defined in source),"Pasted text(6).txt: line(s) 1398, 1407"
IPC,Intermittent pneumatic compression,Mechanical thrombosis prevention.,Contextual interpretation (not formally defined in source),Pasted text(6).txt: line(s) 109 | Pasted text(7).txt: line(s) 795
IPCs,Intermittent pneumatic compression devices,,Contextual interpretation (not formally defined in source),"Pasted text(6).txt: line(s) 54, 219, 314, 663, 919, 969, ... | Pasted text(7).txt: line(s) 69, 386, 447, 498, 691, 961"
IPH,Intraparenchymal hemorrhage,,Contextual interpretation (not formally defined in source),"Pasted text(7).txt: line(s) 61, 64"
IPH/IVH,Intraparenchymal hemorrhage / intraventricular hemorrhage,Observed compound shorthand; component abbreviations are also listed.,Contextual interpretation (not formally defined in source),Pasted text(7).txt: line(s) 64
IR,Interventional Radiology,,Contextual interpretation (not formally defined in source),"Pasted text(6).txt: line(s) 934, 961, 979, 1207, 1237"
IS,Incentive spirometry,,Contextual interpretation (not formally defined in source),"Pasted text(6).txt: line(s) 248, 1280"
iSBP,Initial systolic blood pressure,Initial presentation value.,Contextual interpretation (not formally defined in source),Pasted text(6).txt: line(s) 1026
ISC,Intermittent straight catheterization,,Contextual interpretation (not formally defined in source),"Pasted text(6).txt: line(s) 767, 1234, 1337"
ISCs,Intermittent straight catheterizations,,Contextual interpretation (not formally defined in source),Pasted text(6).txt: line(s) 41
iso,In the setting of,,Contextual interpretation (not formally defined in source),Pasted text(7).txt: line(s) 406
ISS,Insulin sliding scale,,Contextual interpretation (not formally defined in source),Pasted text(6).txt: line(s) 499
IT,Intrathecal,Source route abbreviation for tobramycin or alteplase in an EVD context. Administration may be intraventricular; the acronym alone does not establish the precise delivery route.,Contextual interpretation (not formally defined in source),"Pasted text(6).txt: line(s) 557, 1038"
IV,Intravenous,Medication route; distinct from Roman numeral IV in cancer staging.,Contextual interpretation (not formally defined in source),"Pasted text(6).txt: line(s) 235, 434, 585, 694, 852, 1217 | Pasted text(7).txt: line(s) 52, 250, 707, 881, 947"
IVC,Inferior vena cava,,Contextual interpretation (not formally defined in source),"Pasted text(6).txt: line(s) 70, 111, 1521 | Pasted text(7).txt: line(s) 340, 387, 388, 743, 800"
IVF,Intravenous fluids,,Contextual interpretation (not formally defined in source),"Pasted text(6).txt: line(s) 245, 252, 259, 1437, 1507 | Pasted text(7).txt: line(s) 92, 196, 485, 938, 947"
IVH,Intraventricular hemorrhage,,Contextual interpretation (not formally defined in source),"Pasted text(6).txt: line(s) 373, 376, 791, 794, 796, 1026, ... | Pasted text(7).txt: line(s) 61, 64"
IVIG,Intravenous immunoglobulin,,Contextual interpretation (not formally defined in source),"Pasted text(6).txt: line(s) 123, 127, 1315, 1317 | Pasted text(7).txt: line(s) 813, 817"
IVIG/IVMP/PLEX,Intravenous immunoglobulin / intravenous methylprednisolone / plasma exchange,Observed compound shorthand; component abbreviations are also listed.,Contextual interpretation (not formally defined in source),"Pasted text(6).txt: line(s) 123, 127 | Pasted text(7).txt: line(s) 813, 817"
IVMP,Intravenous methylprednisolone,,Contextual interpretation (not formally defined in source),"Pasted text(6).txt: line(s) 123, 127, 549, 1315 | Pasted text(7).txt: line(s) 813, 817"
IVT,Intravenous thrombolysis,Acute stroke-treatment eligibility context.,Contextual interpretation (not formally defined in source),Pasted text(7).txt: line(s) 346
K,Potassium,Electrolyte laboratory value or replacement.,Contextual interpretation (not formally defined in source),"Pasted text(6).txt: line(s) 140, 346, 597, 766, 863, 1000, ... | Pasted text(7).txt: line(s) 33, 52, 94, 197, 423"
K,Thousand,"Platelet-count suffix, such as 100K.",Contextual interpretation (not formally defined in source),"Pasted text(6).txt: line(s) 406, 794 | Pasted text(7).txt: line(s) 805"
K,Vitamin K,Vitamin designation in Vit K or vitamin K; separate from potassium and thousand.,Contextual interpretation (not formally defined in source),"Pasted text(7).txt: line(s) 61, 69, 109"
k,Thousand,"Platelet-count suffix, such as 20k.",Contextual interpretation (not formally defined in source),Pasted text(6).txt: line(s) 268 | Pasted text(7).txt: line(s) 395
K pneumoniae,Klebsiella pneumoniae,,Contextual interpretation (not formally defined in source),Pasted text(6).txt: line(s) 1404
K. pneumoniae,Klebsiella pneumoniae,Abbreviated genus with a period preserved.,Contextual interpretation (not formally defined in source),Pasted text(7).txt: line(s) 52
K27M,Lysine-to-methionine substitution at amino-acid position 27,Conventional interpretation of the molecular label in H3 K27M-altered glioma. The mutation is not formally defined in the source.,Contextual interpretation (not formally defined in source),"Pasted text(7).txt: line(s) 340, 354"
KCl,Potassium chloride,,Contextual interpretation (not formally defined in source),Pasted text(6).txt: line(s) 1000
kg,Kilograms,,Contextual interpretation (not formally defined in source),"Pasted text(6).txt: line(s) 163, 1220 | Pasted text(7).txt: line(s) 755, 851"
KUB,"Kidneys, ureters, and bladder",Abdominal radiograph designation.,Contextual interpretation (not formally defined in source),Pasted text(6).txt: line(s) 1450
L,Left,Anatomic laterality; distinct from liters.,Contextual interpretation (not formally defined in source),"Pasted text(6).txt: line(s) 1, 6, 70, 75, 81, 111, ... | Pasted text(7).txt: line(s) 61, 64, 97, 116, 168, 287, 290, 340, 406, 417, 455, 458, 462, 468, 506, 507, 510, 514, 532, 560, 563, 566, 603, 609, 662, 665, 667, 700, 705, 739, 740, 743, 748, 758, 765, 797, 810, 813, 851, 859, 863, 866, 870, 871, 872, 911, 915, 917"
L,Liter(s),Fluid balance or oxygen flow volume unit; flow is often implicitly liters per minute.,Contextual interpretation (not formally defined in source),"Pasted text(6).txt: line(s) 202, 206, 395, 592, 645, 694, ... | Pasted text(7).txt: line(s) 27, 190, 290, 481, 485, 833, 938"
L/D/A,"Lines, drains, and airways",Device inventory heading.,Contextual interpretation (not formally defined in source),"Pasted text(6).txt: line(s) 1475, 1528"
L4/5,Lumbar spine level between L4 and L5,,Contextual interpretation (not formally defined in source),"Pasted text(6).txt: line(s) 574, 842"
LA,Left atrium,Echocardiography.,Contextual interpretation (not formally defined in source),Pasted text(6).txt: line(s) 1224
labs,Laboratory tests,,Contextual interpretation (not formally defined in source),"Pasted text(6).txt: line(s) 254, 293, 602, 737 | Pasted text(7).txt: line(s) 200"
LACA,Left anterior cerebral artery,,Contextual interpretation (not formally defined in source),Pasted text(6).txt: line(s) 187
LAD,Left anterior descending coronary artery,Cardiomyopathy/ischemia and wall-motion context.,Contextual interpretation (not formally defined in source),Pasted text(6).txt: line(s) 531
LAD,Lymphadenopathy,Lymphoma/FDG-avid lymph-node context.,Contextual interpretation (not formally defined in source),"Pasted text(6).txt: line(s) 123, 131, 164 | Pasted text(7).txt: line(s) 813, 852"
LAE,Left atrial enlargement,,Contextual interpretation (not formally defined in source),Pasted text(6).txt: line(s) 1377
lami,Laminectomy,,Contextual interpretation (not formally defined in source),"Pasted text(6).txt: line(s) 1080, 1086, 1255, 1262"
lap,Laparoscopic,In 'lap chole'.,Contextual interpretation (not formally defined in source),"Pasted text(6).txt: line(s) 326, 746, 981, 1006"
lap chole,Laparoscopic cholecystectomy,,Contextual interpretation (not formally defined in source),"Pasted text(6).txt: line(s) 326, 746, 981, 1006"
LBBB,Left bundle branch block,Explicit parenthetical expansion in the problem list.,Explicitly expanded in added source,"Pasted text(7).txt: line(s) 61, 82, 139, 161, 183, 186"
LBP,Low back pain,,Contextual interpretation (not formally defined in source),"Pasted text(6).txt: line(s) 565, 585, 833"
LCM,Lacosamide,,Contextual interpretation (not formally defined in source),"Pasted text(6).txt: line(s) 73, 419, 680, 1134, 1137, 1142, ..."
LDL,Low-density lipoprotein cholesterol,,Contextual interpretation (not formally defined in source),"Pasted text(6).txt: line(s) 29, 1226, 1378 | Pasted text(7).txt: line(s) 187, 233, 253"
LE,Leukocyte esterase,Urinalysis.,Contextual interpretation (not formally defined in source),"Pasted text(6).txt: line(s) 1201 | Pasted text(7).txt: line(s) 52, 395, 504"
LE,Lower extremity / lower extremities,Extremity ultrasound.,Contextual interpretation (not formally defined in source),Pasted text(6).txt: line(s) 1470 | Pasted text(7).txt: line(s) 388
LEV,Levetiracetam,,Contextual interpretation (not formally defined in source),"Pasted text(6).txt: line(s) 73, 134, 190, 236, 331, 419, ... | Pasted text(7).txt: line(s) 823"
LFTs,Liver function tests,Source wording commonly used for the liver chemistry panel.,Contextual interpretation (not formally defined in source),"Pasted text(6).txt: line(s) 102, 155, 353, 445, 706, 772, ... | Pasted text(7).txt: line(s) 207, 440, 542, 843"
LGL,Large granular lymphocytic,In 'T-cell LGL leukemia'; lymphocyte lineage descriptor.,Contextual interpretation (not formally defined in source),"Pasted text(6).txt: line(s) 373, 406, 791, 821"
LHC,Left heart catheterization,,Contextual interpretation (not formally defined in source),"Pasted text(6).txt: line(s) 620, 639, 886, 896"
LIWS,Low intermittent wall suction,Nasogastric-tube suction setting.,Contextual interpretation (not formally defined in source),Pasted text(7).txt: line(s) 376
LKW,Last known well,,Contextual interpretation (not formally defined in source),"Pasted text(6).txt: line(s) 1, 1175, 1365 | Pasted text(7).txt: line(s) 61, 228, 346"
LLE,Left lower extremity,,Contextual interpretation (not formally defined in source),"Pasted text(6).txt: line(s) 123, 163, 238, 284, 379, 1520 | Pasted text(7).txt: line(s) 795, 813, 851"
LLR,Left Lindegaard ratio,Likely expansion in transcranial Doppler context; not formally defined in source.,Contextual interpretation (not formally defined in source),Pasted text(6).txt: line(s) 187
LMCA,Left middle cerebral artery,,Contextual interpretation (not formally defined in source),Pasted text(6).txt: line(s) 187
LMCA/LACA,Left middle cerebral artery / left anterior cerebral artery,Observed compound shorthand; component abbreviations are also listed.,Contextual interpretation (not formally defined in source),Pasted text(6).txt: line(s) 187
LP,Lumbar puncture,,Contextual interpretation (not formally defined in source),"Pasted text(6).txt: line(s) 582, 1207, 1220, 1237 | Pasted text(7).txt: line(s) 711, 737"
LR,Lactated Ringer's solution,Intravenous fluid in this source.,Contextual interpretation (not formally defined in source),"Pasted text(6).txt: line(s) 596, 855 | Pasted text(7).txt: line(s) 638"
LTACH,Long-term acute care hospital,,Contextual interpretation (not formally defined in source),"Pasted text(6).txt: line(s) 324, 934, 979, 1308, 1357, 1480"
LTG,Lamotrigine,,Contextual interpretation (not formally defined in source),Pasted text(6).txt: line(s) 1137
LUE,Left upper extremity,,Contextual interpretation (not formally defined in source),"Pasted text(6).txt: line(s) 172, 177, 180, 238, 284, 379, ... | Pasted text(7).txt: line(s) 458, 462, 752, 819, 860"
LUE/LLE,Left upper extremity / left lower extremity,Observed compound shorthand; component abbreviations are also listed.,Contextual interpretation (not formally defined in source),"Pasted text(6).txt: line(s) 284, 379"
LUQ,Left upper quadrant,,Contextual interpretation (not formally defined in source),Pasted text(6).txt: line(s) 276 | Pasted text(7).txt: line(s) 740
LV,Left ventricle / left ventricular,,Contextual interpretation (not formally defined in source),"Pasted text(6).txt: line(s) 478, 620, 629, 638, 639, 886, ... | Pasted text(7).txt: line(s) 246, 363, 672"
LVH,Left ventricular hypertrophy,,Contextual interpretation (not formally defined in source),"Pasted text(6).txt: line(s) 291, 293, 386, 428, 688, 802, ... | Pasted text(7).txt: line(s) 184, 523, 578"
LVO,Large vessel occlusion,,Contextual interpretation (not formally defined in source),"Pasted text(6).txt: line(s) 2, 8 | Pasted text(7).txt: line(s) 342, 349, 911"
LVOT,Left ventricular outflow tract,,Contextual interpretation (not formally defined in source),"Pasted text(6).txt: line(s) 428, 429, 688, 689 | Pasted text(7).txt: line(s) 523, 524"
Lytes,Electrolytes,,Contextual interpretation (not formally defined in source),"Pasted text(6).txt: line(s) 1508 | Pasted text(7).txt: line(s) 33, 94, 197, 782"
lytes,Electrolytes,,Contextual interpretation (not formally defined in source),Pasted text(6).txt: line(s) 490 | Pasted text(7).txt: line(s) 262
M,Male,"Sex suffix attached to an age, such as 85M.",Contextual interpretation (not formally defined in source),"Pasted text(6).txt: line(s) 1, 123, 232, 326, 416, 620, ... | Pasted text(7).txt: line(s) 1, 406, 510, 612, 700, 813, 863, 911"
M,Monday,Component of the M/W/F dialysis schedule.,Contextual interpretation (not formally defined in source),"Pasted text(7).txt: line(s) 863, 889"
M,Motor-response component of the Glasgow Coma Scale,Component letter in M5; separate from male age/sex suffix.,Contextual interpretation (not formally defined in source),Pasted text(7).txt: line(s) 8
M/W/F,"Monday, Wednesday, and Friday",Observed compound shorthand; component abbreviations are also listed.,Contextual interpretation (not formally defined in source),"Pasted text(7).txt: line(s) 863, 889"
M1,M1 segment of the middle cerebral artery,Arterial segment designation.,Contextual interpretation (not formally defined in source),"Pasted text(6).txt: line(s) 180, 280, 526, 934, 1172, 1175 | Pasted text(7).txt: line(s) 462, 560, 922"
M1/A1,M1 segment of the middle cerebral artery / A1 segment of the anterior cerebral artery,Observed compound shorthand; component abbreviations are also listed.,Contextual interpretation (not formally defined in source),Pasted text(7).txt: line(s) 922
M1/M2,M1 / M2 segments of the middle cerebral artery,Observed compound shorthand; component abbreviations are also listed.,Contextual interpretation (not formally defined in source),"Pasted text(6).txt: line(s) 1172, 1175"
M2,M2 segment of the middle cerebral artery,Arterial segment designation.,Contextual interpretation (not formally defined in source),"Pasted text(6).txt: line(s) 180, 186, 1172, 1175 | Pasted text(7).txt: line(s) 224, 227, 228, 235, 462, 468"
m2,Square meters,Body-surface-area dosing denominator.,Contextual interpretation (not formally defined in source),Pasted text(6).txt: line(s) 267 | Pasted text(7).txt: line(s) 733
M5,"Motor-response component of the Glasgow Coma Scale, score 5",Score notation preserved without re-scoring the examination.,Contextual interpretation (not formally defined in source),Pasted text(7).txt: line(s) 8
MAE,Moves all extremities,,Contextual interpretation (not formally defined in source),"Pasted text(7).txt: line(s) 1, 709"
MAP,Mean arterial pressure,,Contextual interpretation (not formally defined in source),"Pasted text(6).txt: line(s) 23, 85, 137, 195, 242, 336, ... | Pasted text(7).txt: line(s) 19, 77, 182, 244, 306, 361, 422, 474, 522, 623, 671, 714, 826"
MASD,Moisture-associated skin damage,,Contextual interpretation (not formally defined in source),"Pasted text(6).txt: line(s) 171, 369, 787, 1022 | Pasted text(7).txt: line(s) 859"
MAZE,Maze surgical ablation procedure,"Capitalized procedure name, not a letter-by-letter acronym. Included because it appears as all-capital surgical shorthand.",Contextual interpretation (not formally defined in source),"Pasted text(7).txt: line(s) 406, 425"
MC,Main campus (likely),Institutional location shorthand in MC Neuro ICU; not explicitly expanded in that passage.,Contextual interpretation (not formally defined in source),Pasted text(7).txt: line(s) 290
MCA,Middle cerebral artery,,Contextual interpretation (not formally defined in source),"Pasted text(6).txt: line(s) 5, 177, 185, 280, 286, 287, ... | Pasted text(7).txt: line(s) 458, 560, 563, 609, 924"
MCA-PCA,Middle cerebral artery-posterior cerebral artery,Observed compound shorthand; component abbreviations are also listed.,Contextual interpretation (not formally defined in source),Pasted text(6).txt: line(s) 889
MCA/MCA-PCA,Middle cerebral artery / middle cerebral artery-posterior cerebral artery,Observed compound shorthand; component abbreviations are also listed.,Contextual interpretation (not formally defined in source),Pasted text(6).txt: line(s) 889
MCA/PCA,Middle cerebral artery / posterior cerebral artery,Observed compound shorthand; component abbreviations are also listed.,Contextual interpretation (not formally defined in source),Pasted text(6).txt: line(s) 626
mcg,Micrograms,,Contextual interpretation (not formally defined in source),"Pasted text(6).txt: line(s) 159, 338, 548, 602, 606, 755, ... | Pasted text(7).txt: line(s) 79, 626, 755, 847"
mcg/kg/hr,Micrograms per kilogram per hour,Observed compound shorthand; component abbreviations are also listed.,Contextual interpretation (not formally defined in source),Pasted text(6).txt: line(s) 1220 | Pasted text(7).txt: line(s) 755
mcg/min,Micrograms per minute,Observed compound shorthand; component abbreviations are also listed.,Contextual interpretation (not formally defined in source),"Pasted text(6).txt: line(s) 338, 755, 988 | Pasted text(7).txt: line(s) 79, 626"
MCP,Middle cerebellar peduncle(s),Brain MRI anatomic shorthand.,Contextual interpretation (not formally defined in source),Pasted text(7).txt: line(s) 758
MD,Doctor of Medicine,Professional credential.,Contextual interpretation (not formally defined in source),Pasted text(7).txt: line(s) 124
med,Medication,In 'med-nonadherent'.,Contextual interpretation (not formally defined in source),"Pasted text(6).txt: line(s) 280, 934 | Pasted text(7).txt: line(s) 560"
med-nonadherent,Medication-nonadherent,Describes reported medication nonadherence.,Contextual interpretation (not formally defined in source),"Pasted text(6).txt: line(s) 280, 934 | Pasted text(7).txt: line(s) 560"
meds,Medications,,Contextual interpretation (not formally defined in source),"Pasted text(6).txt: line(s) 354, 378, 491, 600, 650, 773, ... | Pasted text(7).txt: line(s) 40, 880"
mEq,Milliequivalents,,Contextual interpretation (not formally defined in source),"Pasted text(6).txt: line(s) 766, 1000"
metop,Metoprolol,,Contextual interpretation (not formally defined in source),Pasted text(6).txt: line(s) 639
mets,Metastases,,Contextual interpretation (not formally defined in source),"Pasted text(6).txt: line(s) 70, 416, 419, 453, 677, 714 | Pasted text(7).txt: line(s) 510, 513, 551, 743"
Mg,Magnesium,Electrolyte; distinct from mg (milligrams).,Contextual interpretation (not formally defined in source),"Pasted text(6).txt: line(s) 140, 1050, 1099, 1187, 1277 | Pasted text(7).txt: line(s) 423"
mg,Milligrams,,Contextual interpretation (not formally defined in source),"Pasted text(6).txt: line(s) 12, 16, 28, 36, 73, 74, ... | Pasted text(7).txt: line(s) 1, 5, 11, 23, 36, 82, 101, 169, 174, 178, 179, 187, 252, 290, 301, 321, 357, 358, 419, 426, 462, 469, 471, 478, 487, 519, 568, 571, 577, 594, 602, 627, 636, 646, 667, 684, 707, 747, 754, 755, 760, 829, 830, 851, 880, 882"
mg/kg,Milligrams per kilogram,Observed compound shorthand; component abbreviations are also listed.,Contextual interpretation (not formally defined in source),Pasted text(6).txt: line(s) 163 | Pasted text(7).txt: line(s) 851
MI,Myocardial infarction,,Contextual interpretation (not formally defined in source),"Pasted text(6).txt: line(s) 620, 639, 886, 896"
MI/HFrEF,Myocardial infarction / heart failure with reduced ejection fraction,Observed compound shorthand; component abbreviations are also listed.,Contextual interpretation (not formally defined in source),"Pasted text(6).txt: line(s) 639, 896"
min,Minute,,Contextual interpretation (not formally defined in source),"Pasted text(6).txt: line(s) 338, 755, 988 | Pasted text(7).txt: line(s) 79, 290, 626, 748"
mL,Milliliters,,Contextual interpretation (not formally defined in source),"Pasted text(6).txt: line(s) 39, 99, 149, 255, 305, 342, ... | Pasted text(7).txt: line(s) 92, 196, 315, 433, 485, 838"
mL/24h,Milliliters per 24 hours,Observed compound shorthand; component abbreviations are also listed.,Contextual interpretation (not formally defined in source),Pasted text(6).txt: line(s) 1334
mL/hr,Milliliters per hour,Observed compound shorthand; component abbreviations are also listed.,Contextual interpretation (not formally defined in source),"Pasted text(6).txt: line(s) 39, 305, 596, 855, 1005, 1188 | Pasted text(7).txt: line(s) 92, 196, 315, 433, 485"
MLS,Midline shift,,Contextual interpretation (not formally defined in source),"Pasted text(6).txt: line(s) 232, 235, 280, 286, 934, 939 | Pasted text(7).txt: line(s) 61, 64, 290, 293, 296, 560, 567, 700, 705"
mm,Millimeters,,Contextual interpretation (not formally defined in source),"Pasted text(6).txt: line(s) 238, 284 | Pasted text(7).txt: line(s) 8, 61, 64, 168"
mmHg,Millimeters of mercury,,Contextual interpretation (not formally defined in source),"Pasted text(6).txt: line(s) 291, 478, 947 | Pasted text(7).txt: line(s) 578"
MN,Midnight,In NPO at MN or after MN.,Contextual interpretation (not formally defined in source),"Pasted text(7).txt: line(s) 170, 204"
mo,Month(s),,Contextual interpretation (not formally defined in source),"Pasted text(6).txt: line(s) 518, 728 | Pasted text(7).txt: line(s) 228, 469"
Mod,Moderate,,Contextual interpretation (not formally defined in source),Pasted text(6).txt: line(s) 130 | Pasted text(7).txt: line(s) 821
mod,Moderate,,Contextual interpretation (not formally defined in source),"Pasted text(6).txt: line(s) 620, 638 | Pasted text(7).txt: line(s) 9, 531"
MPN,Myeloproliferative neoplasm,,Contextual interpretation (not formally defined in source),"Pasted text(6).txt: line(s) 665, 922"
MRA,Magnetic resonance angiography,,Contextual interpretation (not formally defined in source),"Pasted text(6).txt: line(s) 181, 526, 889 | Pasted text(7).txt: line(s) 469, 918"
MRB,Magnetic resonance imaging of the brain (likely),Nonstandard imaging shorthand; the surrounding course refers to the same brain MRI date. Exact acronym not formally defined.,Contextual interpretation (not formally defined in source),Pasted text(7).txt: line(s) 518
MRI,Magnetic resonance imaging,,Contextual interpretation (not formally defined in source),"Pasted text(6).txt: line(s) 2, 9, 13, 74, 82, 129, ... | Pasted text(7).txt: line(s) 224, 237, 290, 298, 337, 406, 418, 448, 510, 551, 567, 578, 665, 668, 705, 758, 759, 820, 873, 918"
MRI/MRA,Magnetic resonance imaging / magnetic resonance angiography,Observed compound shorthand; component abbreviations are also listed.,Contextual interpretation (not formally defined in source),Pasted text(6).txt: line(s) 889 | Pasted text(7).txt: line(s) 918
MRI/MRV,Magnetic resonance imaging / magnetic resonance venography,Observed compound shorthand; component abbreviations are also listed.,Contextual interpretation (not formally defined in source),"Pasted text(6).txt: line(s) 129 | Pasted text(7).txt: line(s) 665, 820"
mRS,Modified Rankin Scale,Functional-outcome scale; the recorded score is not reinterpreted.,Contextual interpretation (not formally defined in source),Pasted text(7).txt: line(s) 911
MRSA,Methicillin-resistant Staphylococcus aureus,,Contextual interpretation (not formally defined in source),"Pasted text(6).txt: line(s) 614, 879, 1406 | Pasted text(7).txt: line(s) 219"
MRV,Magnetic resonance venography,,Contextual interpretation (not formally defined in source),"Pasted text(6).txt: line(s) 129 | Pasted text(7).txt: line(s) 665, 820"
MS,Mental status,Neurologic examination or airway-protection context; not multiple sclerosis here.,Contextual interpretation (not formally defined in source),"Pasted text(6).txt: line(s) 79, 389, 421, 1259"
ms,Milliseconds,Electrocardiographic interval unit; distinct from MS.,Contextual interpretation (not formally defined in source),"Pasted text(6).txt: line(s) 1099, 1142"
MSSA,Methicillin-susceptible Staphylococcus aureus,,Contextual interpretation (not formally defined in source),"Pasted text(6).txt: line(s) 280, 298, 320, 459, 934, 975 | Pasted text(7).txt: line(s) 401, 554"
MSTU,Mobile stroke treatment unit,Likely institutional abbreviation; the exact name is not spelled out.,Contextual interpretation (not formally defined in source),Pasted text(6).txt: line(s) 1
mtg,Meeting,,Contextual interpretation (not formally defined in source),Pasted text(7).txt: line(s) 763
MTX,Methotrexate,,Contextual interpretation (not formally defined in source),"Pasted text(6).txt: line(s) 232, 267 | Pasted text(7).txt: line(s) 700, 733"
MV,Mechanical ventilation,,Contextual interpretation (not formally defined in source),"Pasted text(6).txt: line(s) 280, 297, 324, 371, 416, 434, ... | Pasted text(7).txt: line(s) 581, 609, 659, 741"
MVI,Multivitamin,,Contextual interpretation (not formally defined in source),"Pasted text(6).txt: line(s) 220, 504, 1044 | Pasted text(7).txt: line(s) 499"
MWF,"Monday, Wednesday, and Friday",Medication schedule.,Contextual interpretation (not formally defined in source),Pasted text(7).txt: line(s) 806
N,Neck,Component of H/N in computed tomography angiography coverage.,Contextual interpretation (not formally defined in source),"Pasted text(7).txt: line(s) 61, 922"
N,Neurologic / neurology,Single-letter organ-system heading [N].,Contextual interpretation (not formally defined in source),Pasted text(7).txt: line(s) 63
N/A,Not applicable,Prophylaxis field.,Contextual interpretation (not formally defined in source),Pasted text(7).txt: line(s) 266
N20s,N20 cortical responses,Somatosensory evoked-potential waveform designation; the source says absence is tentative. N20 denotes a negative cortical response near 20 milliseconds.,Contextual interpretation (not formally defined in source),Pasted text(6).txt: line(s) 1428
Na,Sodium,,Contextual interpretation (not formally defined in source),"Pasted text(6).txt: line(s) 149, 206, 393, 438, 490, 538, ... | Pasted text(7).txt: line(s) 200, 260, 434, 486, 487, 535, 682, 721, 838, 890"
NaCl,Sodium chloride,,Contextual interpretation (not formally defined in source),Pasted text(6).txt: line(s) 1491
NAGMA,Non-anion gap metabolic acidosis,,Contextual interpretation (not formally defined in source),"Pasted text(6).txt: line(s) 492, 1108, 1283"
NAP,No acute process / no acute pathology,Radiology shorthand; exact wording is not specified.,Contextual interpretation (not formally defined in source),Pasted text(6).txt: line(s) 2
NC,Nasal cannula,Oxygen delivery.,Contextual interpretation (not formally defined in source),"Pasted text(6).txt: line(s) 202, 203, 592, 746, 762, 858, ... | Pasted text(7).txt: line(s) 27, 190, 481"
NC,Neurologic checks,Neurologic monitoring schedule or assessment.,Contextual interpretation (not formally defined in source),"Pasted text(6).txt: line(s) 73, 78, 128, 180, 182, 237, ... | Pasted text(7).txt: line(s) 7, 68, 117, 166, 167, 222, 230, 347"
NCSE,Nonconvulsive status epilepticus,,Contextual interpretation (not formally defined in source),"Pasted text(6).txt: line(s) 419, 680 | Pasted text(7).txt: line(s) 514"
NE,Norepinephrine,Vasopressor context.,Contextual interpretation (not formally defined in source),"Pasted text(6).txt: line(s) 197, 326, 338, 339, 348, 746, ... | Pasted text(7).txt: line(s) 79, 422, 475, 612, 626"
nebs,Nebulized treatments,,Contextual interpretation (not formally defined in source),Pasted text(6).txt: line(s) 486
neg,Negative,,Contextual interpretation (not formally defined in source),Pasted text(7).txt: line(s) 342
Nephro,Nephrology,Specialty service.,Contextual interpretation (not formally defined in source),Pasted text(6).txt: line(s) 491
NEURO,Neurologic / neurology,"Organ-system heading, specialty, or descriptive shorthand.",Contextual interpretation (not formally defined in source),"Pasted text(6).txt: line(s) 4, 72, 125, 179, 234, 282, ... | Pasted text(7).txt: line(s) 3, 121, 163, 226, 292, 344, 410, 460, 512, 562, 614, 664, 702, 745, 815, 865, 913"
Neuro,Neurologic / neurology,"Organ-system heading, specialty, or descriptive shorthand.",Contextual interpretation (not formally defined in source),"Pasted text(6).txt: line(s) 2, 513, 557, 563, 744, 883, ... | Pasted text(7).txt: line(s) 224, 288, 290"
neuro,Neurologic / neurology,"Organ-system heading, specialty, or descriptive shorthand.",Contextual interpretation (not formally defined in source),"Pasted text(6).txt: line(s) 67, 1441 | Pasted text(7).txt: line(s) 1, 404, 741, 743, 909"
Neurochecks,Neurologic checks,Capitalized combined clinical shorthand as written.,Contextual interpretation (not formally defined in source),Pasted text(7).txt: line(s) 916
neurochecks,Neurologic checks,Combined clinical shorthand as written.,Contextual interpretation (not formally defined in source),"Pasted text(7).txt: line(s) 412, 465, 565, 616, 665, 704, 751, 818, 869"
NGT,Nasogastric tube,,Contextual interpretation (not formally defined in source),"Pasted text(6).txt: line(s) 544, 562, 960, 978, 1077, 1113, ... | Pasted text(7).txt: line(s) 376, 403"
NGTD,No growth to date,Microbiology culture status.,Contextual interpretation (not formally defined in source),"Pasted text(6).txt: line(s) 63, 556, 1405"
NICU,Neurologic intensive care unit (Neuro ICU),"This source concerns adult neurocritical care, not neonatal intensive care.",Contextual interpretation (not formally defined in source),"Pasted text(6).txt: line(s) 67, 70, 96, 120, 150, 177, ... | Pasted text(7).txt: line(s) 1, 30, 58, 117, 161, 222, 245, 290, 337, 342, 404, 456, 458, 508, 558, 609, 659, 698, 700, 741, 743, 811, 861, 909, 948"
NIF,Negative inspiratory force,,Contextual interpretation (not formally defined in source),Pasted text(6).txt: line(s) 1329
NIHSS,National Institutes of Health Stroke Scale,,Contextual interpretation (not formally defined in source),"Pasted text(6).txt: line(s) 1, 280, 934, 1175, 1207, 1365 | Pasted text(7).txt: line(s) 230, 232, 346, 406, 415, 560"
NN,Net negative,Fluid balance goal.,Contextual interpretation (not formally defined in source),Pasted text(6).txt: line(s) 1149
nox,Noxious,In 'nox stim'.,Contextual interpretation (not formally defined in source),Pasted text(6).txt: line(s) 1417 | Pasted text(7).txt: line(s) 517
nox stim,Noxious stimulation,Neurologic examination shorthand.,Contextual interpretation (not formally defined in source),Pasted text(6).txt: line(s) 1417 | Pasted text(7).txt: line(s) 517
NPO,Nothing by mouth (nil per os),,Contextual interpretation (not formally defined in source),"Pasted text(6).txt: line(s) 45, 212, 305, 352, 354, 495, ... | Pasted text(7).txt: line(s) 40, 74, 100, 170, 204, 240, 265, 320, 375, 594, 687, 725, 893"
NS,Normal saline,,Contextual interpretation (not formally defined in source),"Pasted text(6).txt: line(s) 39, 180, 206, 305, 991, 1188 | Pasted text(7).txt: line(s) 92, 196, 200, 290, 315, 433, 485, 487, 947"
NSGY,Neurosurgery,,Contextual interpretation (not formally defined in source),"Pasted text(6).txt: line(s) 181, 235, 239, 472, 479, 569, ... | Pasted text(7).txt: line(s) 61, 161, 165, 222, 290, 301, 337, 662, 673, 708, 734, 767, 869"
NSGY/ENT,"Neurosurgery / ear, nose, and throat (otolaryngology)",Observed compound shorthand; component abbreviations are also listed.,Contextual interpretation (not formally defined in source),"Pasted text(7).txt: line(s) 161, 165, 222"
NSICU,Neurosurgical intensive care unit,Likely expansion in the postoperative neurosurgical context; exact institutional name is not spelled out.,Contextual interpretation (not formally defined in source),"Pasted text(6).txt: line(s) 1080, 1131, 1255, 1306"
NSR,Normal sinus rhythm,,Contextual interpretation (not formally defined in source),"Pasted text(6).txt: line(s) 427, 588, 687, 855, 1097, 1275, ... | Pasted text(7).txt: line(s) 183, 307, 362, 364, 423, 878, 934"
o/n,Overnight,,Contextual interpretation (not formally defined in source),Pasted text(6).txt: line(s) 1093 | Pasted text(7).txt: line(s) 441
O2,Oxygen,,Contextual interpretation (not formally defined in source),"Pasted text(6).txt: line(s) 145 | Pasted text(7).txt: line(s) 1, 27, 30, 58, 191, 834"
OB,Obstetrics,Component of OB/GYN.,Contextual interpretation (not formally defined in source),Pasted text(6).txt: line(s) 101 | Pasted text(7).txt: line(s) 787
OB/GYN,Obstetrics and gynecology,,Contextual interpretation (not formally defined in source),Pasted text(6).txt: line(s) 101 | Pasted text(7).txt: line(s) 787
OG,Orogastric tube,Enteral tube context.,Contextual interpretation (not formally defined in source),"Pasted text(6).txt: line(s) 66, 399, 413, 1252 | Pasted text(7).txt: line(s) 608"
OGT,Orogastric tube,,Contextual interpretation (not formally defined in source),"Pasted text(6).txt: line(s) 305, 323, 444, 462, 656, 674, ... | Pasted text(7).txt: line(s) 540, 557, 725, 740"
OK,Okay,General shorthand in the disposition statement.,Contextual interpretation (not formally defined in source),Pasted text(7).txt: line(s) 456
OM,Ocular movements,Likely neurologic-examination shorthand in 'OM full'; not formally defined.,Contextual interpretation (not formally defined in source),Pasted text(6).txt: line(s) 837 | Pasted text(7).txt: line(s) 414
ONC,Oncology,Specialty or organ-system heading.,Contextual interpretation (not formally defined in source),"Pasted text(6).txt: line(s) 53, 108, 162, 218, 265, 313, ... | Pasted text(7).txt: line(s) 44, 274, 446, 497, 548, 601, 649, 689, 732, 793, 850, 899"
Onc,Oncology,Specialty or organ-system heading.,Contextual interpretation (not formally defined in source),"Pasted text(6).txt: line(s) 127, 164, 922 | Pasted text(7).txt: line(s) 817, 852"
OOB,Out of bed,,Contextual interpretation (not formally defined in source),Pasted text(6).txt: line(s) 1492
OP,Opening pressure,External ventricular drain placement.,Contextual interpretation (not formally defined in source),Pasted text(6).txt: line(s) 525
Opthy,Ophthalmology,Specialty-service shorthand as written.,Contextual interpretation (not formally defined in source),Pasted text(6).txt: line(s) 1473
OR,Operating room,,Contextual interpretation (not formally defined in source),"Pasted text(6).txt: line(s) 347, 352, 362 | Pasted text(7).txt: line(s) 127, 161, 165, 204, 222"
OSA,Obstructive sleep apnea,,"Contextual in original source; explicitly expanded in Pasted text(7).txt, line 137","Pasted text(6).txt: line(s) 175, 203, 518, 593, 728, 859, ... | Pasted text(7).txt: line(s) 137, 161, 192, 458, 482, 863, 886, 911, 944"
OSH,Outside hospital,,Contextual interpretation (not formally defined in source),"Pasted text(7).txt: line(s) 61, 109, 290"
osm,Osmolality,Urine and serum laboratory testing; not osmolarity as a calculated infusion property.,Contextual interpretation (not formally defined in source),Pasted text(7).txt: line(s) 200
OT,Occupational therapy,,Contextual interpretation (not formally defined in source),"Pasted text(6).txt: line(s) 14, 472, 1090, 1175, 1266, 1319, ... | Pasted text(7).txt: line(s) 241"
OTD,Open to drain,External ventricular drain setting.,Contextual interpretation (not formally defined in source),Pasted text(6).txt: line(s) 1037
ox,Oximetry,Component of pulse ox.,Contextual interpretation (not formally defined in source),"Pasted text(7).txt: line(s) 30, 367"
Ox3,Oriented to three domains,The three domains are not individually specified in the source.,Contextual interpretation (not formally defined in source),"Pasted text(6).txt: line(s) 183, 469 | Pasted text(7).txt: line(s) 414, 466, 917"
Ox4,Oriented to four domains,The four domains are not individually specified in the source.,Contextual interpretation (not formally defined in source),Pasted text(6).txt: line(s) 837
Oxy,Oxycodone,,Contextual interpretation (not formally defined in source),Pasted text(6).txt: line(s) 378
oxy,Oxycodone,,Contextual interpretation (not formally defined in source),Pasted text(6).txt: line(s) 1429
P aeruginosa,Pseudomonas aeruginosa,,Contextual interpretation (not formally defined in source),Pasted text(6).txt: line(s) 1404
P155/140,Not expanded in source,Autoantibody target designation in dermatomyositis. The source does not name the antigen; no antigen identity is inferred.,Not defined in source; expansion not supplied,Pasted text(6).txt: line(s) 1308
PA,Pulmonary artery,In Cordis/PA catheter.,Contextual interpretation (not formally defined in source),Pasted text(6).txt: line(s) 562
pacer,Pacemaker,Temporary pacing context.,Contextual interpretation (not formally defined in source),Pasted text(7).txt: line(s) 423
PACs,Premature atrial contractions,,Contextual interpretation (not formally defined in source),"Pasted text(6).txt: line(s) 24, 1224"
PAD,Peripheral artery disease,,Contextual interpretation (not formally defined in source),"Pasted text(6).txt: line(s) 175 | Pasted text(7).txt: line(s) 224, 252, 406, 427, 458, 863"
pAF,Paroxysmal atrial fibrillation,,Contextual interpretation (not formally defined in source),"Pasted text(6).txt: line(s) 465, 481 | Pasted text(7).txt: line(s) 224, 364, 406, 662, 675"
path,Pathology,Biopsy/resection results and stains.,Contextual interpretation (not formally defined in source),"Pasted text(6).txt: line(s) 123, 127, 132, 164, 1080, 1086, ... | Pasted text(7).txt: line(s) 813, 817, 852"
PC,Pressure-controlled,Component of PC-CMV or PC-PS ventilation mode.,Contextual interpretation (not formally defined in source),"Pasted text(6).txt: line(s) 91, 342, 433, 534 | Pasted text(7).txt: line(s) 530"
PC-CMV,Pressure-controlled continuous mandatory ventilation,Ventilation mode.,Contextual interpretation (not formally defined in source),"Pasted text(6).txt: line(s) 91, 433, 534 | Pasted text(7).txt: line(s) 530"
PC-PS,Pressure control / pressure support,AutoMode ventilation designation as written.,Contextual interpretation (not formally defined in source),Pasted text(6).txt: line(s) 342
PCA,Posterior cerebral artery,,Contextual interpretation (not formally defined in source),"Pasted text(6).txt: line(s) 626, 889, 1414, 1423"
PCC,Prothrombin complex concentrate,Anticoagulant-reversal context; product formulation is not specified.,Contextual interpretation (not formally defined in source),"Pasted text(7).txt: line(s) 61, 69, 109"
pCO2,Partial pressure of carbon dioxide,Blood gas variable; no arterial/venous distinction is added to the abbreviation itself.,Contextual interpretation (not formally defined in source),Pasted text(7).txt: line(s) 87
PCom,Posterior communicating artery,,Contextual interpretation (not formally defined in source),Pasted text(6).txt: line(s) 1422
PCR,Polymerase chain reaction,,Contextual interpretation (not formally defined in source),"Pasted text(6).txt: line(s) 459, 558, 614, 879 | Pasted text(7).txt: line(s) 554"
PCT,Procalcitonin,,Contextual interpretation (not formally defined in source),"Pasted text(6).txt: line(s) 670, 671, 928"
PE,Pulmonary embolism,,Contextual interpretation (not formally defined in source),"Pasted text(6).txt: line(s) 123, 145, 163, 518, 553, 728, ... | Pasted text(7).txt: line(s) 449, 813, 834, 851, 861"
PEEP,Positive end-expiratory pressure,,Contextual interpretation (not formally defined in source),"Pasted text(6).txt: line(s) 91, 296, 342, 433, 534, 761 | Pasted text(7).txt: line(s) 530, 584, 632, 718"
PEG,Percutaneous endoscopic gastrostomy,Feeding access/procedure label. The notes also use PEG for IR placement; the source wording is preserved.,Contextual interpretation (not formally defined in source),"Pasted text(6).txt: line(s) 123, 153, 172, 280, 305, 306, ... | Pasted text(7).txt: line(s) 516, 531, 560, 586, 594, 609, 813, 841, 860"
PEG,Polyethylene glycol,Bowel-regimen medication.,Contextual interpretation (not formally defined in source),"Pasted text(6).txt: line(s) 154, 212, 444, 495, 543, 600, ... | Pasted text(7).txt: line(s) 441, 492, 541, 842"
PER,Perampanel,,Contextual interpretation (not formally defined in source),"Pasted text(6).txt: line(s) 73, 419, 680, 1137"
PERRL,"Pupils equal, round, and reactive to light",,Contextual interpretation (not formally defined in source),"Pasted text(6).txt: line(s) 79, 183, 284, 330, 379, 421, ... | Pasted text(7).txt: line(s) 348, 414, 466, 566, 619, 709, 752, 819, 870"
PERRL/EOMI,"Pupils equal, round, and reactive to light / extraocular movements intact",Observed compound shorthand; component abbreviations are also listed.,Contextual interpretation (not formally defined in source),Pasted text(6).txt: line(s) 624
PERT,Pulmonary Embolism Response Team,,Contextual interpretation (not formally defined in source),"Pasted text(6).txt: line(s) 145, 163 | Pasted text(7).txt: line(s) 834, 851"
PET,Positron emission tomography,,Contextual interpretation (not formally defined in source),"Pasted text(6).txt: line(s) 123, 131, 235, 1321 | Pasted text(7).txt: line(s) 706, 813"
PFO,Patent foramen ovale,,Contextual interpretation (not formally defined in source),"Pasted text(6).txt: line(s) 291, 947, 1179 | Pasted text(7).txt: line(s) 363"
PGB,Pregabalin,,Contextual interpretation (not formally defined in source),"Pasted text(6).txt: line(s) 585, 850"
Phos,Phosphorus / phosphate,Laboratory measurement; the exact assay terminology is not specified.,Contextual interpretation (not formally defined in source),"Pasted text(6).txt: line(s) 394, 1059, 1284 | Pasted text(7).txt: line(s) 94"
PICA,Posterior inferior cerebellar artery,,Contextual interpretation (not formally defined in source),Pasted text(6).txt: line(s) 1175
Pip,Piperacillin,Component of Pip-tazo.,Contextual interpretation (not formally defined in source),Pasted text(6).txt: line(s) 1166
Pip-tazo,Piperacillin-tazobactam,,Contextual interpretation (not formally defined in source),Pasted text(6).txt: line(s) 1166
PIV,Peripheral intravenous catheter,,Contextual interpretation (not formally defined in source),"Pasted text(6).txt: line(s) 66, 119, 228, 276, 323, 617, ... | Pasted text(7).txt: line(s) 57, 116, 221, 287, 336, 403, 740, 810, 908, 978"
PIVs,Peripheral intravenous catheters,,Contextual interpretation (not formally defined in source),"Pasted text(6).txt: line(s) 172, 370, 413, 462, 512, 562, ... | Pasted text(7).txt: line(s) 507, 557, 608, 658, 697, 860"
PLEDs,Periodic lateralized epileptiform discharges,Electroencephalographic terminology as used in the source.,Contextual interpretation (not formally defined in source),"Pasted text(6).txt: line(s) 470, 473 | Pasted text(7).txt: line(s) 667"
PLEX,Plasma exchange,,Contextual interpretation (not formally defined in source),"Pasted text(6).txt: line(s) 123, 127, 1318 | Pasted text(7).txt: line(s) 813, 817"
PLIC,Posterior limb of the internal capsule,,Contextual interpretation (not formally defined in source),Pasted text(6).txt: line(s) 1213
Plt,Platelet count / platelets,,Contextual interpretation (not formally defined in source),"Pasted text(6).txt: line(s) 57, 268, 406, 407, 455, 502, ... | Pasted text(7).txt: line(s) 108, 215, 275, 331, 447, 549, 690, 900, 963"
PM,Afternoon or evening (post meridiem),,Contextual interpretation (not formally defined in source),"Pasted text(6).txt: line(s) 1032, 1446"
PMNs,Polymorphonuclear neutrophils,Microbiology context.,Contextual interpretation (not formally defined in source),"Pasted text(6).txt: line(s) 1352 | Pasted text(7).txt: line(s) 606, 737"
PNA,Pneumonia,,Contextual interpretation (not formally defined in source),Pasted text(7).txt: line(s) 632
PO,By mouth (per os),,Contextual interpretation (not formally defined in source),"Pasted text(6).txt: line(s) 601, 867 | Pasted text(7).txt: line(s) 161, 880"
pO2,Partial pressure of oxygen,Blood gas variable; no arterial/venous distinction is added to the abbreviation itself.,Contextual interpretation (not formally defined in source),Pasted text(7).txt: line(s) 87
POC,Point of care,Glucose testing; not plan of care here.,Contextual interpretation (not formally defined in source),"Pasted text(6).txt: line(s) 310 | Pasted text(7).txt: line(s) 272, 599"
post-op,Postoperative,,Contextual interpretation (not formally defined in source),"Pasted text(6).txt: line(s) 306, 315, 784 | Pasted text(7).txt: line(s) 504"
postop,Postoperative,,Contextual interpretation (not formally defined in source),"Pasted text(6).txt: line(s) 1359, 1367"
PPI,Proton pump inhibitor,,Contextual interpretation (not formally defined in source),"Pasted text(6).txt: line(s) 1114, 1264, 1514"
PPM,Permanent pacemaker,,Contextual interpretation (not formally defined in source),"Pasted text(6).txt: line(s) 139 | Pasted text(7).txt: line(s) 61, 82, 715, 828"
PPV,Pulse pressure variation,In PPV on an arterial line during hypovolemia assessment; not positive-pressure ventilation here.,Contextual interpretation (not formally defined in source),Pasted text(7).txt: line(s) 938
PPx,Prophylaxis,,Contextual interpretation (not formally defined in source),"Pasted text(6).txt: line(s) 315 | Pasted text(7).txt: line(s) 41, 45, 89, 101, 107, 205, 214, 266, 277, 330, 386, 733, 806, 954, 961"
ppx,Prophylaxis,,Contextual interpretation (not formally defined in source),"Pasted text(6).txt: line(s) 74, 116, 1353 | Pasted text(7).txt: line(s) 400"
PR,PR interval,"Electrocardiographic interval from P-wave onset to QRS onset; a waveform label, not an initialism.",Contextual interpretation (not formally defined in source),"Pasted text(6).txt: line(s) 1134, 1137, 1142"
PR,Pulmonic regurgitation,Echocardiography.,Contextual interpretation (not formally defined in source),"Pasted text(6).txt: line(s) 428, 688 | Pasted text(7).txt: line(s) 523"
PRBC,Packed red blood cells,,Contextual interpretation (not formally defined in source),"Pasted text(6).txt: line(s) 921, 1347, 1398, 1460"
pre-op,Preoperative,,Contextual interpretation (not formally defined in source),Pasted text(6).txt: line(s) 315
preDM,Prediabetes,,Contextual interpretation (not formally defined in source),Pasted text(6).txt: line(s) 1480
prelim,Preliminary,,Contextual interpretation (not formally defined in source),"Pasted text(6).txt: line(s) 718, 1055, 1074"
preop,Preoperative,,Contextual interpretation (not formally defined in source),"Pasted text(7).txt: line(s) 161, 165"
PRES,Posterior reversible encephalopathy syndrome,,Contextual interpretation (not formally defined in source),"Pasted text(7).txt: line(s) 224, 227, 228"
PRN,As needed (pro re nata),,Contextual interpretation (not formally defined in source),"Pasted text(6).txt: line(s) 18, 76, 145, 154, 180, 191, ... | Pasted text(7).txt: line(s) 33, 42, 81, 94, 206, 250, 300, 322, 434, 441, 464, 477, 482, 485, 492, 525, 541, 574, 577, 675, 692, 710, 715, 721, 755, 786, 834, 842, 880, 928, 939"
procal,Procalcitonin,,Contextual interpretation (not formally defined in source),Pasted text(6).txt: line(s) 1018
prop,Propofol,,Contextual interpretation (not formally defined in source),Pasted text(6).txt: line(s) 1429
PS,Pressure support,Ventilation context.,Contextual interpretation (not formally defined in source),"Pasted text(6).txt: line(s) 342, 343, 644, 806, 901, 1054, ... | Pasted text(7).txt: line(s) 584, 632, 718"
PS/CPAP,Pressure support / continuous positive airway pressure,Observed compound shorthand; component abbreviations are also listed.,Contextual interpretation (not formally defined in source),"Pasted text(6).txt: line(s) 644, 806, 901"
PSH,Paroxysmal sympathetic hyperactivity,,Contextual interpretation (not formally defined in source),Pasted text(6).txt: line(s) 1430
PSupp,Pressure support,Ventilation context.,Contextual interpretation (not formally defined in source),Pasted text(6).txt: line(s) 1440
PT,Physical therapy,Rehabilitation context; not prothrombin time in this source.,Contextual interpretation (not formally defined in source),"Pasted text(6).txt: line(s) 14, 472, 1090, 1175, 1266, 1319, ... | Pasted text(7).txt: line(s) 241"
PT/OT,Physical therapy / occupational therapy,Observed compound shorthand; component abbreviations are also listed.,Contextual interpretation (not formally defined in source),"Pasted text(6).txt: line(s) 14, 472, 1090, 1175, 1266, 1319, ... | Pasted text(7).txt: line(s) 241"
PT/OT/SLP,Physical therapy / occupational therapy / speech-language pathology,Observed compound shorthand; component abbreviations are also listed.,Contextual interpretation (not formally defined in source),"Pasted text(6).txt: line(s) 14, 1175 | Pasted text(7).txt: line(s) 241"
PT/OT/ST,Physical therapy / occupational therapy / speech therapy,Observed compound shorthand; component abbreviations are also listed.,Contextual interpretation (not formally defined in source),Pasted text(6).txt: line(s) 1371
PTA,Prior to admission,Historical timing; not percutaneous transluminal angioplasty here.,Contextual interpretation (not formally defined in source),"Pasted text(7).txt: line(s) 185, 208, 228, 252, 284"
pulm,Pulmonary,,Contextual interpretation (not formally defined in source),"Pasted text(6).txt: line(s) 145, 1441 | Pasted text(7).txt: line(s) 834"
pulse ox,Pulse oximetry,Monitoring shorthand.,Contextual interpretation (not formally defined in source),"Pasted text(7).txt: line(s) 30, 367"
PVCs,Premature ventricular contractions,,Contextual interpretation (not formally defined in source),Pasted text(6).txt: line(s) 140 | Pasted text(7).txt: line(s) 829
PVD,Peripheral vascular disease,,Contextual interpretation (not formally defined in source),"Pasted text(6).txt: line(s) 416, 461, 677, 721 | Pasted text(7).txt: line(s) 510, 556"
PVD/BLE,Peripheral vascular disease / bilateral lower extremities,Observed compound shorthand; component abbreviations are also listed.,Contextual interpretation (not formally defined in source),"Pasted text(6).txt: line(s) 416, 677 | Pasted text(7).txt: line(s) 510"
PVI,Pulmonary vein isolation,Atrial-fibrillation ablation history.,Contextual interpretation (not formally defined in source),"Pasted text(7).txt: line(s) 224, 251"
Q1,Every hour,Hours omitted; in 'Q1->q4' neurologic-check schedule.,Contextual interpretation (not formally defined in source),Pasted text(6).txt: line(s) 1083
q12,Every 12 hours,Hours omitted in source shorthand; sodium checks.,Contextual interpretation (not formally defined in source),Pasted text(6).txt: line(s) 149
q12h,Every 12 hours,,Contextual interpretation (not formally defined in source),"Pasted text(6).txt: line(s) 74, 163, 206, 292, 406, 491, ... | Pasted text(7).txt: line(s) 358, 434, 486, 577, 760, 851"
Q1h,Every hour,,Contextual interpretation (not formally defined in source),Pasted text(6).txt: line(s) 11 | Pasted text(7).txt: line(s) 347
q1h,Every hour,,Contextual interpretation (not formally defined in source),"Pasted text(6).txt: line(s) 67, 521, 563, 565, 568, 618, ... | Pasted text(7).txt: line(s) 7, 68, 117, 166, 167, 198, 222, 230, 704"
q21d,Every 21 days,Medication frequency as written.,Contextual interpretation (not formally defined in source),Pasted text(7).txt: line(s) 356
q24h,Every 24 hours,,Contextual interpretation (not formally defined in source),"Pasted text(6).txt: line(s) 315, 557 | Pasted text(7).txt: line(s) 602"
q2h,Every 2 hours,,Contextual interpretation (not formally defined in source),"Pasted text(6).txt: line(s) 180, 182, 275, 376, 787, 797, ... | Pasted text(7).txt: line(s) 465, 869"
q2h/q4h,Every 2 hours / every 4 hours,Observed compound shorthand; component abbreviations are also listed.,Contextual interpretation (not formally defined in source),"Pasted text(6).txt: line(s) 180, 182"
q3h,Every 3 hours,,Contextual interpretation (not formally defined in source),Pasted text(6).txt: line(s) 1456
q4,Every 4 hours,Hours omitted; in 'Q1->q4' neurologic-check schedule.,Contextual interpretation (not formally defined in source),Pasted text(6).txt: line(s) 1083
q48h,Every 48 hours,,Contextual interpretation (not formally defined in source),Pasted text(6).txt: line(s) 1504
Q4h,Every 4 hours,,Contextual interpretation (not formally defined in source),Pasted text(6).txt: line(s) 836 | Pasted text(7).txt: line(s) 412
q4h,Every 4 hours,,Contextual interpretation (not formally defined in source),"Pasted text(6).txt: line(s) 73, 76, 78, 99, 128, 180, ... | Pasted text(7).txt: line(s) 376, 565, 616, 665, 751, 755, 818"
q6,Every 6 hours,Hours omitted in source shorthand; inferred from catheterization/glucose-check context.,Contextual interpretation (not formally defined in source),"Pasted text(6).txt: line(s) 41, 48, 51 | Pasted text(7).txt: line(s) 70, 272, 721"
q6h,Every 6 hours,,Contextual interpretation (not formally defined in source),"Pasted text(6).txt: line(s) 36, 105, 158, 235, 249, 263, ... | Pasted text(7).txt: line(s) 211, 325, 383, 535, 546, 599, 682, 707, 730, 846, 897"
q8,Every 8 hours,Hours omitted in source shorthand; heparin schedule.,Contextual interpretation (not formally defined in source),Pasted text(6).txt: line(s) 54 | Pasted text(7).txt: line(s) 200
q8h,Every 8 hours,,Contextual interpretation (not formally defined in source),"Pasted text(6).txt: line(s) 141, 219, 419, 557, 585, 680, ... | Pasted text(7).txt: line(s) 179, 447, 519, 550, 651, 691, 734, 830"
qHS,Every night at bedtime,,Contextual interpretation (not formally defined in source),"Pasted text(6).txt: line(s) 202, 203, 1496 | Pasted text(7).txt: line(s) 482, 886, 944"
qHS/PRN,Every night at bedtime / as needed,Observed compound shorthand; component abbreviations are also listed.,Contextual interpretation (not formally defined in source),Pasted text(7).txt: line(s) 482
QID,Four times daily (quater in die),,Contextual interpretation (not formally defined in source),Pasted text(6).txt: line(s) 1526
QRS,QRS complex,"Electrocardiographic waveform label comprising Q, R, and S waves; not initials of expanded words.",Contextual interpretation (not formally defined in source),Pasted text(7).txt: line(s) 307
QT,QT interval,Electrocardiographic interval from QRS onset to the end of the T wave; a waveform label rather than initials of words.,Contextual interpretation (not formally defined in source),Pasted text(6).txt: line(s) 1277
QTc,Corrected QT interval,Heart-rate-corrected electrocardiographic interval.,Contextual interpretation (not formally defined in source),"Pasted text(6).txt: line(s) 24, 990, 1051, 1099, 1277 | Pasted text(7).txt: line(s) 20, 78, 183, 362, 771, 878"
R,Renal,Component of the organ-system heading [R/GU]; separate from right-sided anatomy.,Contextual interpretation (not formally defined in source),"Pasted text(7).txt: line(s) 91, 195, 258, 314, 370, 946"
R,Respiratory,Single-letter organ-system heading [R]; separate from right-sided anatomy.,Contextual interpretation (not formally defined in source),"Pasted text(7).txt: line(s) 84, 366"
R,Right,Anatomic laterality.,Contextual interpretation (not formally defined in source),"Pasted text(6).txt: line(s) 5, 70, 119, 172, 175, 189, ... | Pasted text(7).txt: line(s) 57, 61, 168, 221, 284, 287, 290, 293, 296, 337, 340, 354, 455, 458, 463, 507, 557, 560, 566, 697, 700, 705, 706, 739, 740, 743, 810, 860, 863, 868, 870, 908, 911, 914, 917, 922, 923, 924, 965, 977"
R/GU,Renal / genitourinary,Observed compound shorthand; component abbreviations are also listed.,Contextual interpretation (not formally defined in source),"Pasted text(7).txt: line(s) 91, 195, 258, 314, 370, 946"
RA,Room air,Respiratory context; not right atrium or rheumatoid arthritis here.,Contextual interpretation (not formally defined in source),"Pasted text(6).txt: line(s) 485, 486, 733, 1183, 1381 | Pasted text(7).txt: line(s) 256, 312, 367, 406, 408, 430, 678, 885, 942"
RadOnc,Radiation Oncology,,Contextual interpretation (not formally defined in source),Pasted text(6).txt: line(s) 235 | Pasted text(7).txt: line(s) 708
RASS,Richmond Agitation-Sedation Scale,,Contextual interpretation (not formally defined in source),Pasted text(6).txt: line(s) 1496
RBBB,Right bundle branch block,,Contextual interpretation (not formally defined in source),Pasted text(7).txt: line(s) 878
RBC,Red blood cells,Cell count.,Contextual interpretation (not formally defined in source),"Pasted text(6).txt: line(s) 525, 1215"
rBMP,Repeat basic metabolic panel,,Contextual interpretation (not formally defined in source),Pasted text(6).txt: line(s) 1446
rCTH,Repeat computed tomography of the head,,Contextual interpretation (not formally defined in source),"Pasted text(6).txt: line(s) 525, 631, 1040, 1070 | Pasted text(7).txt: line(s) 925, 979"
rDVT,Repeat deep vein thrombosis study,Appears as 'rDVT US'.,Contextual interpretation (not formally defined in source),Pasted text(6).txt: line(s) 1521
rDVT US,Repeat deep vein thrombosis ultrasound,,Contextual interpretation (not formally defined in source),Pasted text(6).txt: line(s) 1521
rdy,Ready,,Contextual interpretation (not formally defined in source),Pasted text(6).txt: line(s) 513 | Pasted text(7).txt: line(s) 408
reg,Regimen,In 'BM reg'.,Contextual interpretation (not formally defined in source),"Pasted text(6).txt: line(s) 1390, 1452 | Pasted text(7).txt: line(s) 42, 206"
regurg,Regurgitation,Echocardiographic valve description.,Contextual interpretation (not formally defined in source),Pasted text(7).txt: line(s) 672
RENAL/GU,Renal / genitourinary,Observed compound shorthand; component abbreviations are also listed.,Contextual interpretation (not formally defined in source),"Pasted text(6).txt: line(s) 38, 95, 147, 205, 251, 300, ... | Pasted text(7).txt: line(s) 32, 432, 484, 534, 589, 635, 681, 720, 780, 836, 888"
RESP,Respiratory,Organ-system heading or culture/support description.,Contextual interpretation (not formally defined in source),"Pasted text(6).txt: line(s) 31, 90, 143, 201, 247, 295, ... | Pasted text(7).txt: line(s) 25, 429, 480, 527, 580, 631, 677, 717, 775, 832, 884, 941"
Resp,Respiratory,Organ-system heading or culture/support description.,Contextual interpretation (not formally defined in source),"Pasted text(6).txt: line(s) 459 | Pasted text(7).txt: line(s) 554, 805"
resp,Respiratory,Organ-system heading or culture/support description.,Contextual interpretation (not formally defined in source),"Pasted text(6).txt: line(s) 145, 718 | Pasted text(7).txt: line(s) 606, 834"
RF,Right frontal,External ventricular drain location; not rheumatoid factor here.,Contextual interpretation (not formally defined in source),"Pasted text(6).txt: line(s) 518, 525, 561, 562, 728, 742, ..."
Rheum,Rheumatology,,Contextual interpretation (not formally defined in source),Pasted text(6).txt: line(s) 527
RHP,Right hemiparesis,Stroke presentation; later narrative explicitly says right hemiparesis.,Contextual interpretation (not formally defined in source),Pasted text(6).txt: line(s) 620
RIJ,Right internal jugular,Venous thrombosis location.,Contextual interpretation (not formally defined in source),"Pasted text(6).txt: line(s) 123, 163 | Pasted text(7).txt: line(s) 813, 851"
RIJ/LLE,Right internal jugular / left lower extremity,Observed compound shorthand; component abbreviations are also listed.,Contextual interpretation (not formally defined in source),Pasted text(6).txt: line(s) 163 | Pasted text(7).txt: line(s) 851
RLE,Right lower extremity,,Contextual interpretation (not formally defined in source),"Pasted text(6).txt: line(s) 109, 238, 284, 379, 1480, 1521 | Pasted text(7).txt: line(s) 414, 795"
RLL,Right lower lobe,Pulmonary context.,Contextual interpretation (not formally defined in source),Pasted text(6).txt: line(s) 1055
RNF,Regular nursing floor,Likely institutional disposition term; not formally defined.,Contextual interpretation (not formally defined in source),Pasted text(6).txt: line(s) 883
Rpt,Repeat,,Contextual interpretation (not formally defined in source),Pasted text(6).txt: line(s) 133 | Pasted text(7).txt: line(s) 822
RR,Respiratory rate,,Contextual interpretation (not formally defined in source),"Pasted text(6).txt: line(s) 91, 342, 433, 534, 761 | Pasted text(7).txt: line(s) 86, 530"
RRR,Regular rate and rhythm,,Contextual interpretation (not formally defined in source),Pasted text(6).txt: line(s) 195
rsxn,Resection,,Contextual interpretation (not formally defined in source),"Pasted text(6).txt: line(s) 1080, 1086, 1255, 1262"
RT,Respiratory therapy,In CPAP per RT protocol.,Contextual interpretation (not formally defined in source),Pasted text(7).txt: line(s) 192
rTTE,Repeat transthoracic echocardiogram,,Contextual interpretation (not formally defined in source),Pasted text(7).txt: line(s) 184
RUE,Right upper extremity,,Contextual interpretation (not formally defined in source),"Pasted text(6).txt: line(s) 238, 284, 379, 522, 1259 | Pasted text(7).txt: line(s) 406, 413, 414, 752, 819"
RUE/RLE,Right upper extremity / right lower extremity,Observed compound shorthand; component abbreviations are also listed.,Contextual interpretation (not formally defined in source),Pasted text(6).txt: line(s) 284 | Pasted text(7).txt: line(s) 414
RUL,Right upper lobe,Pulmonary embolism location.,Contextual interpretation (not formally defined in source),Pasted text(7).txt: line(s) 449
RUQ,Right upper quadrant,,Contextual interpretation (not formally defined in source),"Pasted text(6).txt: line(s) 155, 353, 445, 706, 1453 | Pasted text(7).txt: line(s) 542, 642, 788"
RV,Right ventricle / right ventricular,,Contextual interpretation (not formally defined in source),"Pasted text(6).txt: line(s) 86, 138, 337, 478, 756, 896, ... | Pasted text(7).txt: line(s) 21, 629, 672, 772, 827"
RVSF,Right ventricular systolic function,,Contextual interpretation (not formally defined in source),Pasted text(6).txt: line(s) 138 | Pasted text(7).txt: line(s) 827
RYGB,Roux-en-Y gastric bypass,,Contextual interpretation (not formally defined in source),"Pasted text(6).txt: line(s) 565, 601, 833, 867"
S aureus,Staphylococcus aureus,,Contextual interpretation (not formally defined in source),"Pasted text(6).txt: line(s) 459, 1404 | Pasted text(7).txt: line(s) 554"
s/o,Setting of,In possibly reactive in s/o status versus infection.,Contextual interpretation (not formally defined in source),Pasted text(7).txt: line(s) 49
S/p,Status post,,Contextual interpretation (not formally defined in source),"Pasted text(6).txt: line(s) 58, 111, 127, 232, 236, 245, ... | Pasted text(7).txt: line(s) 93, 251, 290, 301, 326, 342, 532, 617, 700, 711, 733, 817, 947"
s/p,Status post,,Contextual interpretation (not formally defined in source),"Pasted text(6).txt: line(s) 12, 70, 123, 139, 169, 175, ... | Pasted text(7).txt: line(s) 5, 11, 61, 69, 82, 97, 161, 165, 224, 251, 340, 351, 387, 406, 411, 425, 458, 461, 462, 485, 487, 563, 662, 683, 700, 726, 743, 800, 813, 828, 857, 863, 881, 911, 914, 925, 926, 938"
SAH,Subarachnoid hemorrhage,,Contextual interpretation (not formally defined in source),"Pasted text(6).txt: line(s) 70, 75, 81, 175 | Pasted text(7).txt: line(s) 61, 458, 743, 765"
SAM,Systolic anterior motion,Echocardiographic descriptor.,Contextual interpretation (not formally defined in source),"Pasted text(6).txt: line(s) 291, 428, 429, 688, 689, 947 | Pasted text(7).txt: line(s) 523, 524, 578"
SAM/LVOT,Systolic anterior motion / left ventricular outflow tract,Observed compound shorthand; component abbreviations are also listed.,Contextual interpretation (not formally defined in source),"Pasted text(6).txt: line(s) 429, 689 | Pasted text(7).txt: line(s) 523, 524"
SAM/PFO,Systolic anterior motion / patent foramen ovale,Observed compound shorthand; component abbreviations are also listed.,Contextual interpretation (not formally defined in source),"Pasted text(6).txt: line(s) 291, 947"
SAT,Spontaneous awakening trial,,Contextual interpretation (not formally defined in source),"Pasted text(6).txt: line(s) 996, 1229"
Sat,Saturday,Component of Tue/Thu/Sat medication schedule.,Contextual interpretation (not formally defined in source),Pasted text(7).txt: line(s) 400
SAT/SBT,Spontaneous awakening trial / spontaneous breathing trial,Observed compound shorthand; component abbreviations are also listed.,Contextual interpretation (not formally defined in source),"Pasted text(6).txt: line(s) 996, 1229"
SBP,Systolic blood pressure,,Contextual interpretation (not formally defined in source),"Pasted text(6).txt: line(s) 13, 23, 28, 85, 137, 195, ... | Pasted text(7).txt: line(s) 67, 71, 77, 81, 182, 228, 244, 250, 306, 422, 474, 477, 522, 572, 577, 665, 671, 714, 826, 877, 933"
SBP/MAP,Systolic blood pressure / mean arterial pressure,Observed compound shorthand; component abbreviations are also listed.,Contextual interpretation (not formally defined in source),"Pasted text(7).txt: line(s) 77, 182, 244"
SBT,Spontaneous breathing trial,,Contextual interpretation (not formally defined in source),"Pasted text(6).txt: line(s) 297, 326, 343, 389, 645, 762, ... | Pasted text(7).txt: line(s) 89, 560, 583, 612, 632, 718"
SBT/PS,Spontaneous breathing trial / pressure support,Observed compound shorthand; component abbreviations are also listed.,Contextual interpretation (not formally defined in source),Pasted text(6).txt: line(s) 343
SCD,Sequential compression device,,Contextual interpretation (not formally defined in source),Pasted text(6).txt: line(s) 1520
SCDs,Sequential compression devices,,Contextual interpretation (not formally defined in source),"Pasted text(6).txt: line(s) 266, 362, 407, 452, 502, 713, ... | Pasted text(7).txt: line(s) 107, 277, 330, 550, 602, 734, 901"
SDH,Subdural hematoma,,Contextual interpretation (not formally defined in source),"Pasted text(6).txt: line(s) 465, 471, 472, 479, 503, 1134 | Pasted text(7).txt: line(s) 662, 665"
SDH/ICH,Subdural hematoma / intracerebral hemorrhage,Observed compound shorthand; component abbreviations are also listed.,Contextual interpretation (not formally defined in source),Pasted text(6).txt: line(s) 1134
SDU,Step-down unit,,Contextual interpretation (not formally defined in source),"Pasted text(6).txt: line(s) 123, 173, 229, 277, 513, 1131, ... | Pasted text(7).txt: line(s) 408, 508, 813, 861, 979"
sec,Seconds,,Contextual interpretation (not formally defined in source),"Pasted text(6).txt: line(s) 419, 680 | Pasted text(7).txt: line(s) 515"
Sed,Sedation,,Contextual interpretation (not formally defined in source),"Pasted text(6).txt: line(s) 17, 188, 285, 332, 423, 523, ... | Pasted text(7).txt: line(s) 574, 755"
self-d/c'd,Self-discontinued,Describes stopping medication without a documented clinician-directed change.,Contextual interpretation (not formally defined in source),Pasted text(6).txt: line(s) 1373
SIADH,Syndrome of inappropriate antidiuretic hormone secretion,,Contextual interpretation (not formally defined in source),Pasted text(7).txt: line(s) 682
SILT,Sensation intact to light touch,,Contextual interpretation (not formally defined in source),"Pasted text(6).txt: line(s) 183, 469, 837 | Pasted text(7).txt: line(s) 295, 466, 666, 917"
SL,Sublingual,,Contextual interpretation (not formally defined in source),"Pasted text(6).txt: line(s) 297, 434, 645, 694, 951 | Pasted text(7).txt: line(s) 586"
SLP,Speech-language pathology,,Contextual interpretation (not formally defined in source),"Pasted text(6).txt: line(s) 14, 258, 260, 496, 1175, 1191, ... | Pasted text(7).txt: line(s) 241, 893"
SMX,Sulfamethoxazole,Component of TMP-SMX.,Contextual interpretation (not formally defined in source),"Pasted text(6).txt: line(s) 267, 273"
SNF,Skilled nursing facility,,Contextual interpretation (not formally defined in source),"Pasted text(6).txt: line(s) 1134, 1414 | Pasted text(7).txt: line(s) 1"
SOC,Suboccipital craniotomy / suboccipital craniectomy,The source does not specify which expansion of SOC is intended; both operative terms are possible.,Contextual interpretation (not formally defined in source),"Pasted text(6).txt: line(s) 1080, 1086, 1255, 1262"
SOC/C1 lami,Suboccipital craniotomy or craniectomy / first cervical level laminectomy,Observed compound shorthand; component abbreviations are also listed.,Contextual interpretation (not formally defined in source),"Pasted text(6).txt: line(s) 1080, 1255, 1262"
SPECT,Single-photon emission computed tomography,,Contextual interpretation (not formally defined in source),Pasted text(6).txt: line(s) 293
SpO2,Peripheral oxygen saturation measured by pulse oximetry,,Contextual interpretation (not formally defined in source),"Pasted text(6).txt: line(s) 202, 390, 1381 | Pasted text(7).txt: line(s) 191, 481, 678"
spont,Spontaneous,,Contextual interpretation (not formally defined in source),Pasted text(6).txt: line(s) 330
SQH,Subcutaneous heparin,,Contextual interpretation (not formally defined in source),"Pasted text(6).txt: line(s) 54, 109, 266, 362, 407, 502, ... | Pasted text(7).txt: line(s) 447, 662, 691, 734, 795, 901"
SQH/IPCs,Subcutaneous heparin / intermittent pneumatic compression devices,Observed compound shorthand; component abbreviations are also listed.,Contextual interpretation (not formally defined in source),Pasted text(6).txt: line(s) 1397
SQH/SCDs,Subcutaneous heparin / sequential compression devices,Observed compound shorthand; component abbreviations are also listed.,Contextual interpretation (not formally defined in source),Pasted text(6).txt: line(s) 822
SSEPs,Somatosensory evoked potentials,,Contextual interpretation (not formally defined in source),Pasted text(6).txt: line(s) 1428
SSI,Sliding-scale insulin,Numbers following SSI appear to identify a scale; scale definitions are not provided.,Contextual interpretation (not formally defined in source),"Pasted text(6).txt: line(s) 48, 51, 105, 158, 263, 310, ... | Pasted text(7).txt: line(s) 211, 272, 325, 383, 444, 546, 599, 730, 791, 846, 897, 958"
SSS,Sick sinus syndrome,,Contextual interpretation (not formally defined in source),"Pasted text(7).txt: line(s) 61, 82"
SSS/LBBB,Sick sinus syndrome / left bundle branch block,Observed compound shorthand; component abbreviations are also listed.,Contextual interpretation (not formally defined in source),"Pasted text(7).txt: line(s) 61, 82"
ST,Sinus tachycardia,In EKG: ST 119; separate from ST segment and speech therapy.,Contextual interpretation (not formally defined in source),Pasted text(7).txt: line(s) 20
ST,Speech therapy,Rehabilitation referral.,Contextual interpretation (not formally defined in source),Pasted text(6).txt: line(s) 1371
ST,ST segment,Electrocardiographic waveform segment; in ST changes.,Contextual interpretation (not formally defined in source),Pasted text(6).txt: line(s) 531
Staph,Staphylococcus,Abbreviated genus; the abbreviated term alone does not specify species.,Contextual interpretation (not formally defined in source),Pasted text(7).txt: line(s) 219
stim,Stimulation,Neurologic examination.,Contextual interpretation (not formally defined in source),"Pasted text(6).txt: line(s) 421, 683, 1417 | Pasted text(7).txt: line(s) 517"
Strep,Streptococcus,The source does not specify the species.,Contextual interpretation (not formally defined in source),Pasted text(6).txt: line(s) 1215
Surg,Surgery,In Gen Surg.,Contextual interpretation (not formally defined in source),Pasted text(6).txt: line(s) 1397 | Pasted text(7).txt: line(s) 642
SVT,Superficial venous thrombosis,Cephalic-vein thrombosis context; not supraventricular tachycardia here.,Contextual interpretation (not formally defined in source),"Pasted text(6).txt: line(s) 123, 163, 666, 923 | Pasted text(7).txt: line(s) 813, 851"
sym,Symmetric,Neurologic examination shorthand.,Contextual interpretation (not formally defined in source),"Pasted text(7).txt: line(s) 666, 917"
symm,Symmetric,,Contextual interpretation (not formally defined in source),Pasted text(6).txt: line(s) 837
Sz,Seizure(s),,Contextual interpretation (not formally defined in source),Pasted text(6).txt: line(s) 70 | Pasted text(7).txt: line(s) 352
sz,Seizure(s),,Contextual interpretation (not formally defined in source),"Pasted text(6).txt: line(s) 73, 416, 419, 465, 470, 473, ... | Pasted text(7).txt: line(s) 1, 5, 30, 52, 58, 342, 345, 404, 510, 515"
T,Intubated; verbal component of Glasgow Coma Scale not testable,"Suffix on Glasgow Coma Scale scores (for example, GCS 3T); not a word-for-word initialism.",Contextual interpretation (not formally defined in source),"Pasted text(6).txt: line(s) 284, 379, 416, 420, 522, 624, ... | Pasted text(7).txt: line(s) 61, 510, 517, 566, 619, 752"
T,Temperature,"In T 36.5; separate from intubation suffix, magnetic-field unit, and tracheostomy shorthand.",Contextual interpretation (not formally defined in source),Pasted text(7).txt: line(s) 393
T,Tesla,Magnetic-field strength unit in the 3T MRA protocol.,Contextual interpretation (not formally defined in source),Pasted text(6).txt: line(s) 526
T,Tracheostomy,Component of T/PEG in goals-of-care discussions.,Contextual interpretation (not formally defined in source),Pasted text(7).txt: line(s) 516
T-cell,T lymphocyte,Cell-lineage label; T refers to thymus-derived lymphocytes.,Contextual interpretation (not formally defined in source),"Pasted text(6).txt: line(s) 373, 406, 791, 821"
T/PEG,Tracheostomy / percutaneous endoscopic gastrostomy,Observed compound shorthand; component abbreviations are also listed.,Contextual interpretation (not formally defined in source),Pasted text(7).txt: line(s) 516
T2,T2-weighted magnetic resonance imaging signal,"MRI sequence/signal designation, not a thoracic level in these occurrences.",Contextual interpretation (not formally defined in source),"Pasted text(6).txt: line(s) 565, 574, 833, 842"
T2DM,Type 2 diabetes mellitus,,Contextual interpretation (not formally defined in source),"Pasted text(6).txt: line(s) 1, 51, 123, 158, 175, 216, ... | Pasted text(7).txt: line(s) 61, 104, 224, 272, 458, 495, 700, 813, 846"
T3,Triiodothyronine,Thyroid laboratory testing.,Contextual interpretation (not formally defined in source),"Pasted text(6).txt: line(s) 358, 776, 1010, 1294"
T4,Thyroxine (tetraiodothyronine),Thyroid laboratory testing.,Contextual interpretation (not formally defined in source),"Pasted text(6).txt: line(s) 358, 776, 1010, 1294"
T8/9,Thoracic spine level between T8 and T9,,Contextual interpretation (not formally defined in source),"Pasted text(6).txt: line(s) 565, 574, 833, 842"
T9,Ninth thoracic spinal level,Sensory level on examination.,Contextual interpretation (not formally defined in source),Pasted text(6).txt: line(s) 569
TA,Temporal artery,In 'TA US' during giant cell arteritis workup.,Contextual interpretation (not formally defined in source),Pasted text(6).txt: line(s) 527
tabs,Tablets,,Contextual interpretation (not formally defined in source),Pasted text(6).txt: line(s) 1289
tach,Tachycardia,In sinus tach.,Contextual interpretation (not formally defined in source),Pasted text(7).txt: line(s) 771
tacro,Tacrolimus,,Contextual interpretation (not formally defined in source),Pasted text(6).txt: line(s) 491
tazo,Tazobactam,Component of Pip-tazo.,Contextual interpretation (not formally defined in source),Pasted text(6).txt: line(s) 1166
Tbili,Total bilirubin,,Contextual interpretation (not formally defined in source),Pasted text(7).txt: line(s) 788
TBO,Not expanded in source,Preoperative vascular occlusion testing before coil embolization/internal carotid artery sacrifice. The exact test name is not spelled out.,Not defined in source; expansion not supplied,"Pasted text(7).txt: line(s) 161, 165"
TC,Tracheostomy collar,,Contextual interpretation (not formally defined in source),"Pasted text(6).txt: line(s) 950, 1308, 1329, 1330, 1480, 1503"
TCD,Transcranial Doppler,,Contextual interpretation (not formally defined in source),"Pasted text(6).txt: line(s) 177, 187 | Pasted text(7).txt: line(s) 458, 463, 464, 919"
TCDs,Transcranial Doppler studies,,Contextual interpretation (not formally defined in source),Pasted text(6).txt: line(s) 180 | Pasted text(7).txt: line(s) 924
TEE,Transesophageal echocardiogram,,Contextual interpretation (not formally defined in source),Pasted text(7).txt: line(s) 937
tele,Telemetry,,Contextual interpretation (not formally defined in source),Pasted text(7).txt: line(s) 571
Temp,Temporary,In Temp pacer; not temperature in this occurrence.,Contextual interpretation (not formally defined in source),Pasted text(7).txt: line(s) 423
TF,Triple flexion,Lower-extremity motor response on neurologic examination.,Contextual interpretation (not formally defined in source),Pasted text(6).txt: line(s) 522
TF,Tube feeding(s),Nutrition context.,Contextual interpretation (not formally defined in source),"Pasted text(6).txt: line(s) 45, 99, 100, 153, 258, 260, ... | Pasted text(7).txt: line(s) 540, 543, 594, 641, 643, 725, 727, 785, 786, 841"
TGA,Transposition of the great arteries,Component of cc-TGA.,Contextual interpretation (not formally defined in source),Pasted text(6).txt: line(s) 465 | Pasted text(7).txt: line(s) 662
Thu,Thursday,Component of Tue/Thu/Sat medication schedule.,Contextual interpretation (not formally defined in source),Pasted text(7).txt: line(s) 400
TIA,Transient ischemic attack,,Contextual interpretation (not formally defined in source),"Pasted text(6).txt: line(s) 416, 620, 677, 886 | Pasted text(7).txt: line(s) 510"
TICI,Thrombolysis in Cerebral Infarction,Angiographic reperfusion scale; grades are retained separately as source notation.,Contextual interpretation (not formally defined in source),"Pasted text(6).txt: line(s) 280, 286, 620, 625, 886, 889, ... | Pasted text(7).txt: line(s) 406, 411, 560, 563, 911, 914, 923"
TICI 2a,"Thrombolysis in Cerebral Infarction, grade 2a",Reperfusion grade as written; the source does not define its quantitative threshold.,Contextual interpretation (not formally defined in source),"Pasted text(6).txt: line(s) 620, 625, 886, 889"
TICI 2B,"Thrombolysis in Cerebral Infarction, grade 2B",Reperfusion grade as written; capitalization is preserved and the source does not define its quantitative threshold.,Contextual interpretation (not formally defined in source),"Pasted text(6).txt: line(s) 280, 286, 934, 939 | Pasted text(7).txt: line(s) 560, 563"
TICI 3,"Thrombolysis in Cerebral Infarction, grade 3",Angiographic reperfusion grade as written; no quantitative reperfusion threshold is supplied by the source.,Contextual interpretation (not formally defined in source),"Pasted text(7).txt: line(s) 406, 411, 911, 914, 923"
TID,Three times daily (ter in die),,Contextual interpretation (not formally defined in source),"Pasted text(6).txt: line(s) 73, 444, 473, 492, 640, 897, ... | Pasted text(7).txt: line(s) 174, 441, 541, 667, 684, 754"
TLC,Triple-lumen catheter,,Contextual interpretation (not formally defined in source),"Pasted text(6).txt: line(s) 512, 1475"
Tmax,Maximum temperature,,Contextual interpretation (not formally defined in source),"Pasted text(6).txt: line(s) 365, 410, 556, 670, 783, 826, ... | Pasted text(7).txt: line(s) 49, 113, 218, 281, 503, 606, 972"
Tmax/WBC,Maximum temperature / white blood cell count,Observed compound shorthand; component abbreviations are also listed.,Contextual interpretation (not formally defined in source),"Pasted text(7).txt: line(s) 49, 113, 218, 281"
TML,Tongue midline,,Contextual interpretation (not formally defined in source),Pasted text(6).txt: line(s) 469
TMP,Trimethoprim,Component of TMP-SMX.,Contextual interpretation (not formally defined in source),"Pasted text(6).txt: line(s) 267, 273"
TMP-SMX,Trimethoprim-sulfamethoxazole,,Contextual interpretation (not formally defined in source),"Pasted text(6).txt: line(s) 267, 273"
tmrw,Tomorrow,,Contextual interpretation (not formally defined in source),"Pasted text(6).txt: line(s) 277 | Pasted text(7).txt: line(s) 508, 516, 889, 919"
TN,Trigeminal neuralgia,The preceding problem heading spells out trigeminal neuralgia; contrasted with glossopharyngeal neuralgia.,Contextual interpretation (not formally defined in source),Pasted text(7).txt: line(s) 175
TNC,Total nucleated cell count,Cerebrospinal fluid cell count.,Contextual interpretation (not formally defined in source),Pasted text(6).txt: line(s) 525
TNK,Tenecteplase,,Contextual interpretation (not formally defined in source),"Pasted text(6).txt: line(s) 2, 10, 620, 625, 667, 886, ... | Pasted text(7).txt: line(s) 406, 911, 914, 916, 926"
TNK/EVT,Tenecteplase / endovascular therapy (thrombectomy),Observed compound shorthand; component abbreviations are also listed.,Contextual interpretation (not formally defined in source),"Pasted text(6).txt: line(s) 625, 889, 1207"
Trach,Tracheostomy,,Contextual interpretation (not formally defined in source),"Pasted text(6).txt: line(s) 280, 297, 324, 389, 414, 694, ... | Pasted text(7).txt: line(s) 531, 594, 609"
trach,Tracheostomy,,Contextual interpretation (not formally defined in source),"Pasted text(6).txt: line(s) 123, 144, 172, 305, 373, 416, ... | Pasted text(7).txt: line(s) 560, 586, 813, 819, 833, 860"
Trach/PEG,Tracheostomy / percutaneous endoscopic gastrostomy,Observed compound shorthand; component abbreviations are also listed.,Contextual interpretation (not formally defined in source),"Pasted text(6).txt: line(s) 280, 324, 414 | Pasted text(7).txt: line(s) 531, 594, 609"
trach/PEG,Tracheostomy / percutaneous endoscopic gastrostomy,Observed compound shorthand; component abbreviations are also listed.,Contextual interpretation (not formally defined in source),"Pasted text(6).txt: line(s) 123, 305, 373, 416, 463, 677, ... | Pasted text(7).txt: line(s) 560, 586, 813"
TSH,Thyroid-stimulating hormone,,Contextual interpretation (not formally defined in source),"Pasted text(6).txt: line(s) 15, 27, 49, 358, 403, 606, ... | Pasted text(7).txt: line(s) 233, 271, 327, 647"
TTE,Transthoracic echocardiogram,,Contextual interpretation (not formally defined in source),"Pasted text(6).txt: line(s) 2, 25, 27, 86, 138, 196, ... | Pasted text(7).txt: line(s) 21, 82, 184, 186, 246, 248, 251, 309, 363, 424, 476, 523, 578, 629, 672, 772, 827, 879, 936"
Tue,Tuesday,Component of Tue/Thu/Sat medication schedule.,Contextual interpretation (not formally defined in source),Pasted text(7).txt: line(s) 400
Tue/Thu/Sat,"Tuesday, Thursday, and Saturday",Observed compound shorthand; component abbreviations are also listed.,Contextual interpretation (not formally defined in source),Pasted text(7).txt: line(s) 400
TV,Tidal volume,Ventilator setting; not tricuspid valve in this source.,Contextual interpretation (not formally defined in source),Pasted text(6).txt: line(s) 433 | Pasted text(7).txt: line(s) 530
TVR,Tricuspid valve replacement,,Contextual interpretation (not formally defined in source),"Pasted text(6).txt: line(s) 465, 479 | Pasted text(7).txt: line(s) 662, 673"
TXA,Tranexamic acid,,Contextual interpretation (not formally defined in source),Pasted text(6).txt: line(s) 1331
U,Units,Insulin/heparin dosing or blood-product units depending on context.,Contextual interpretation (not formally defined in source),"Pasted text(6).txt: line(s) 51, 105, 406, 629, 780, 821, ... | Pasted text(7).txt: line(s) 447, 550, 651, 791"
U/hr,Units per hour,Observed compound shorthand; component abbreviations are also listed.,Contextual interpretation (not formally defined in source),Pasted text(6).txt: line(s) 629
UA,Urinalysis,,Contextual interpretation (not formally defined in source),"Pasted text(6).txt: line(s) 1201, 1248 | Pasted text(7).txt: line(s) 52, 342, 395, 504"
UCx,Urine culture,,Contextual interpretation (not formally defined in source),"Pasted text(6).txt: line(s) 1248 | Pasted text(7).txt: line(s) 53, 398, 654, 805"
UE,Upper extremity / upper extremities,,Contextual interpretation (not formally defined in source),"Pasted text(6).txt: line(s) 837, 1470"
UE/LE,Upper extremities / lower extremities,Observed compound shorthand; component abbreviations are also listed.,Contextual interpretation (not formally defined in source),Pasted text(6).txt: line(s) 1470
UOP,Urine output,,Contextual interpretation (not formally defined in source),"Pasted text(6).txt: line(s) 206, 1334 | Pasted text(7).txt: line(s) 881, 889"
uro,Urologic,In 'no uro contraindication'.,Contextual interpretation (not formally defined in source),Pasted text(6).txt: line(s) 909
US,Ultrasound,,Contextual interpretation (not formally defined in source),"Pasted text(6).txt: line(s) 111, 155, 317, 349, 353, 441, ... | Pasted text(7).txt: line(s) 449, 542, 603, 637, 642, 788, 798, 802"
US/GGT,Ultrasound / gamma-glutamyl transferase,Observed compound shorthand; component abbreviations are also listed.,Contextual interpretation (not formally defined in source),Pasted text(6).txt: line(s) 155
UTI,Urinary tract infection,,Contextual interpretation (not formally defined in source),"Pasted text(6).txt: line(s) 70, 115, 169, 367, 785, 1020, ... | Pasted text(7).txt: line(s) 5, 37, 51, 52, 342, 394, 396, 654, 743, 805, 857"
UTox,Urine toxicology screen,,Contextual interpretation (not formally defined in source),Pasted text(6).txt: line(s) 15 | Pasted text(7).txt: line(s) 233
V,Verbal-response component of the Glasgow Coma Scale,Component letter in V2.,Contextual interpretation (not formally defined in source),Pasted text(7).txt: line(s) 8
V2,"Verbal-response component of the Glasgow Coma Scale, score 2",Score notation preserved without re-scoring the examination.,Contextual interpretation (not formally defined in source),Pasted text(7).txt: line(s) 8
VAE,Ventilator-associated event,,Contextual interpretation (not formally defined in source),Pasted text(6).txt: line(s) 996
Vanc,Vancomycin,,Contextual interpretation (not formally defined in source),Pasted text(6).txt: line(s) 1406
vanc,Vancomycin,Lowercase medication shorthand.,Contextual interpretation (not formally defined in source),Pasted text(7).txt: line(s) 554
VAP,Ventilator-associated pneumonia,,Contextual interpretation (not formally defined in source),"Pasted text(6).txt: line(s) 249, 272, 280, 298, 320, 671, ..."
VBG,Venous blood gas,,Contextual interpretation (not formally defined in source),Pasted text(7).txt: line(s) 28
VC,Volume-controlled,Component of VC-CMV ventilation mode.,Contextual interpretation (not formally defined in source),Pasted text(6).txt: line(s) 761
VC-CMV,Volume-controlled continuous mandatory ventilation,Ventilation mode.,Contextual interpretation (not formally defined in source),Pasted text(6).txt: line(s) 761
Vent,Ventilator / ventilation,Respiratory context.,Contextual interpretation (not formally defined in source),"Pasted text(6).txt: line(s) 91, 296, 342, 433, 534, 644, ... | Pasted text(7).txt: line(s) 86"
vent,Ventilator / ventilation,Respiratory context.,Contextual interpretation (not formally defined in source),"Pasted text(6).txt: line(s) 343, 1229, 1429 | Pasted text(7).txt: line(s) 510, 530"
VFs,Visual fields,,Contextual interpretation (not formally defined in source),Pasted text(7).txt: line(s) 231
Vit,Vitamin,,Contextual interpretation (not formally defined in source),Pasted text(7).txt: line(s) 61
Vit K,Vitamin K,Observed compound shorthand; component abbreviations are also listed.,Contextual interpretation (not formally defined in source),Pasted text(7).txt: line(s) 61
VPA,Valproic acid / valproate,,Contextual interpretation (not formally defined in source),Pasted text(6).txt: line(s) 1137
VPS,Ventriculoperitoneal shunt,,Contextual interpretation (not formally defined in source),"Pasted text(6).txt: line(s) 175, 189"
vs,Versus,,Contextual interpretation (not formally defined in source),"Pasted text(6).txt: line(s) 5, 206, 245, 286, 293, 416, ... | Pasted text(7).txt: line(s) 5, 49, 61, 67, 173, 176, 224, 227, 228, 239, 278, 294, 342, 471, 487, 570, 578, 682"
VT,Tidal volume,Ventilator setting; not ventricular tachycardia here.,Contextual interpretation (not formally defined in source),Pasted text(6).txt: line(s) 342
VTE,Venous thromboembolism,,Contextual interpretation (not formally defined in source),"Pasted text(6).txt: line(s) 315, 609, 822, 875 | Pasted text(7).txt: line(s) 340, 387"
VVI,"Ventricular pacing, ventricular sensing, inhibited response to sensing",Pacemaker mode designation. No pacing recommendation is added.,Contextual interpretation (not formally defined in source),Pasted text(7).txt: line(s) 423
VZV,Varicella-zoster virus,,Contextual interpretation (not formally defined in source),Pasted text(6).txt: line(s) 1215
W,Wednesday,Component of the M/W/F dialysis schedule.,Contextual interpretation (not formally defined in source),"Pasted text(7).txt: line(s) 863, 889"
w,With,Standalone shorthand; w/o is separately listed.,Contextual interpretation (not formally defined in source),"Pasted text(6).txt: line(s) 173, 277, 330, 694, 846, 889, ... | Pasted text(7).txt: line(s) 788, 979"
w/,With,,Contextual interpretation (not formally defined in source),"Pasted text(6).txt: line(s) 123, 131, 175, 180, 232, 280, ... | Pasted text(7).txt: line(s) 1, 9, 36, 52, 61, 64, 82, 109, 161, 165, 166, 176, 222, 224, 290, 293, 296, 340, 406, 458, 499, 510, 513, 532, 542, 560, 563, 567, 612, 662, 665, 667, 700, 703, 743, 813, 863, 911, 950"
w/d,Withdrawal / withdraws,Motor response to stimulation; not drug withdrawal in these occurrences.,Contextual interpretation (not formally defined in source),Pasted text(6).txt: line(s) 284 | Pasted text(7).txt: line(s) 61
w/n,Within,,Contextual interpretation (not formally defined in source),Pasted text(6).txt: line(s) 923
w/o,Without,,Contextual interpretation (not formally defined in source),"Pasted text(6).txt: line(s) 127, 638, 794, 796, 828, 1034, ... | Pasted text(7).txt: line(s) 5, 61, 224, 290, 413, 817"
w/u,Workup,,Contextual interpretation (not formally defined in source),"Pasted text(6).txt: line(s) 922, 1470"
W/WO,With and without contrast,Imaging context.,Contextual interpretation (not formally defined in source),"Pasted text(6).txt: line(s) 579, 844"
WBC,White blood cell count / white blood cells,,Contextual interpretation (not formally defined in source),"Pasted text(6).txt: line(s) 61, 114, 168, 224, 365, 410, ... | Pasted text(7).txt: line(s) 49, 52, 113, 218, 281, 393, 395, 452, 504, 606, 655, 695, 737, 807, 856, 905, 972, 975"
WBC/HPF,White blood cells per high-power field,Observed compound shorthand; component abbreviations are also listed.,Contextual interpretation (not formally defined in source),Pasted text(6).txt: line(s) 1201 | Pasted text(7).txt: line(s) 395
WD,Withdrawal / withdraws,Motor response to stimulation; not drug withdrawal in these occurrences.,Contextual interpretation (not formally defined in source),Pasted text(6).txt: line(s) 522
WHO,World Health Organization,Tumor-grade designation; no grading criteria are inferred.,Contextual interpretation (not formally defined in source),"Pasted text(7).txt: line(s) 340, 354"
WHO 4,World Health Organization grade 4,Tumor-grade shorthand as written; no histologic or molecular grading criteria are supplied.,Contextual interpretation (not formally defined in source),"Pasted text(7).txt: line(s) 340, 354"
wk,Week(s),,Contextual interpretation (not formally defined in source),"Pasted text(6).txt: line(s) 565, 833, 1504 | Pasted text(7).txt: line(s) 224, 228"
WMA,Wall motion abnormalities,Echocardiography.,Contextual interpretation (not formally defined in source),Pasted text(6).txt: line(s) 531
WMA/ST,Wall motion abnormalities / ST-segment changes,Observed compound shorthand; component abbreviations are also listed.,Contextual interpretation (not formally defined in source),Pasted text(6).txt: line(s) 531
WNL,Within normal limits,,Contextual interpretation (not formally defined in source),"Pasted text(6).txt: line(s) 606, 660, 872, 916 | Pasted text(7).txt: line(s) 207, 276, 788"
wnl,Within normal limits,Lowercase variant as written.,Contextual interpretation (not formally defined in source),"Pasted text(7).txt: line(s) 316, 331, 334, 782"
WO,Without contrast,Magnetic resonance imaging context.,Contextual interpretation (not formally defined in source),"Pasted text(6).txt: line(s) 9, 13, 574, 579, 842, 844, ... | Pasted text(7).txt: line(s) 237, 418"
wo,Without,,Contextual interpretation (not formally defined in source),"Pasted text(6).txt: line(s) 1409, 1494"
WOB,Work of breathing,,Contextual interpretation (not formally defined in source),Pasted text(7).txt: line(s) 777
WTD,Wet-to-dry,Dressing changes.,Contextual interpretation (not formally defined in source),Pasted text(6).txt: line(s) 1409
wwo,With and without contrast,Imaging context.,Contextual interpretation (not formally defined in source),"Pasted text(6).txt: line(s) 526, 1039, 1088, 1263 | Pasted text(7).txt: line(s) 298, 873"
x,For,"Duration prefix (for example, x7d, x12h, x2wk, or x7 days).",Contextual interpretation (not formally defined in source),"Pasted text(6).txt: line(s) 169, 249, 272, 305, 585, 852, ... | Pasted text(7).txt: line(s) 177, 228, 282, 284, 805, 857, 901"
x,Times / number of,"Prefix indicating repeated doses, procedures, or device counts (for example, PIV x3).",Contextual interpretation (not formally defined in source),"Pasted text(6).txt: line(s) 36, 66, 255, 323, 743, 829, ... | Pasted text(7).txt: line(s) 1, 5, 11, 61, 116, 231, 336, 403, 406, 425, 455, 608, 619, 662, 666, 740, 809, 881, 908, 978"
Xa,Activated coagulation factor X,Anticoagulation monitoring context; typically shorthand for anti-factor Xa activity.,Contextual interpretation (not formally defined in source),"Pasted text(6).txt: line(s) 163, 629, 889, 920 | Pasted text(7).txt: line(s) 851"
XR,Radiograph (X-ray),,Contextual interpretation (not formally defined in source),Pasted text(7).txt: line(s) 284
XRT,Radiation therapy,,Contextual interpretation (not formally defined in source),Pasted text(6).txt: line(s) 1308
y/d,Yesterday,,Contextual interpretation (not formally defined in source),Pasted text(7).txt: line(s) 408
ZNS,Zonisamide,,Contextual interpretation (not formally defined in source),"Pasted text(6).txt: line(s) 419, 680, 1359, 1373"
BiPAP,bi-level positive airway pressure,Explicit abbreviation-definition pair in the source.,Explicit source definition,Smart Phrases 2_28_24.rtf: extracted text line 304
AML,acute myeloid leukemia,Explicit abbreviation-definition pair in the source.,Explicit source definition,Smart Phrases 2_28_24.rtf: extracted text line 646
IST,immunosuppressive therapy,Explicit abbreviation-definition pair in the source.,Explicit source definition,Smart Phrases 2_28_24.rtf: extracted text line 671
CMML,chronic myelomonocytic leukemia,Explicit abbreviation-definition pair in the source.,Explicit source definition,Smart Phrases 2_28_24.rtf: extracted text line 750
DLBCL,Diffuse large B cell lymphoma,Explicit abbreviation-definition pair in the source.,Explicit source definition,Smart Phrases 2_28_24.rtf: extracted text line 789
HMA,hypomethylating agent,Explicit abbreviation-definition pair in the source.,Explicit source definition,Smart Phrases 2_28_24.rtf: extracted text line 1372
POTS,postural autonomic tachycardia syndrome,"Source says ""postural autonomic tachycardia syndrome"". Source wording is retained without normalization; excluded from automatic replacement.",Explicit source definition,Smart Phrases 2_28_24.rtf: extracted text line 1508
GOM,granular osmiophilic material,Explicit abbreviation-definition pair in the source.,Explicit source definition,Smart Phrases 2_28_24.rtf: extracted text line 2111
WMHs,white matter hyperintensities,Explicit abbreviation-definition pair in the source.,Explicit source definition,Smart Phrases 2_28_24.rtf: extracted text line 2112
LPQ,left posterior quadrant,Explicit abbreviation-definition pair in the source.,Explicit source definition,Smart Phrases 2_28_24.rtf: extracted text line 2142
RPQ,RIGHT posterior quadrant,Explicit abbreviation-definition pair in the source.,Explicit source definition,Smart Phrases 2_28_24.rtf: extracted text line 2144
IDT,Interdisciplinary Team,Explicit abbreviation-definition pair in the source.,Explicit source definition,Smart Phrases 2_28_24.rtf: extracted text line 2587
SLP,speech-language pathologist,Explicit abbreviation-definition pair in the source.,Explicit source definition,Smart Phrases 2_28_24.rtf: extracted text line 2688
CMTNS,Charcot-Marie-Tooth Neuropathy Score,Explicit abbreviation-definition pair in the source.,Explicit source definition,Smart Phrases 2_28_24.rtf: extracted text line 2982
CMT,Charcot-Marie-Tooth disease,Explicit abbreviation-definition pair in the source.,Explicit source definition,Smart Phrases 2_28_24.rtf: extracted text line 3021
HMSN,hereditary motor and sensory neuropathy,Explicit abbreviation-definition pair in the source.,Explicit source definition,Smart Phrases 2_28_24.rtf: extracted text line 3022
RR,risk ratio,Explicit abbreviation-definition pair in the source.,Explicit source definition,Smart Phrases 2_28_24.rtf: extracted text line 3467
CI,confidence interval,Explicit abbreviation-definition pair in the source.,Explicit source definition,Smart Phrases 2_28_24.rtf: extracted text line 3467
PML,progressive multifocal leukencephalopathy,"Source spelling ""leukencephalopathy"" retained. Review spelling before reuse.",Explicit source definition,Smart Phrases 2_28_24.rtf: extracted text line 3483
AD,Alzheimer Disease,Explicit abbreviation-definition pair in the source.,Explicit source definition,Smart Phrases 2_28_24.rtf: extracted text line 3493
FTD,Fronto-Temporal Dementia,Explicit abbreviation-definition pair in the source.,Explicit source definition,Smart Phrases 2_28_24.rtf: extracted text line 3493
DLB,Dementia with Lewy Bodies,Explicit abbreviation-definition pair in the source.,Explicit source definition,Smart Phrases 2_28_24.rtf: extracted text line 3494
PD,Parkinson disease,Explicit abbreviation-definition pair in the source.,Explicit source definition,Smart Phrases 2_28_24.rtf: extracted text line 3494
PSP,Progressive Supranuclear Palsy,Explicit abbreviation-definition pair in the source.,Explicit source definition,Smart Phrases 2_28_24.rtf: extracted text line 3494
MSA,Multiple System Atrophy,Explicit abbreviation-definition pair in the source.,Explicit source definition,Smart Phrases 2_28_24.rtf: extracted text line 3495
MND,Motor Neuron Disease,Explicit abbreviation-definition pair in the source.,Explicit source definition,Smart Phrases 2_28_24.rtf: extracted text line 3495
PKAN,Pantothenate kinase-associated neurodegeneration,Explicit abbreviation-definition pair in the source.,Explicit source definition,Smart Phrases 2_28_24.rtf: extracted text line 3496
ALS,Amyotrophic Lateral Sclerosis,Explicit abbreviation-definition pair in the source.,Explicit source definition,Smart Phrases 2_28_24.rtf: extracted text line 3497
NPH,Normal-Pressure Hydrocephalus,Explicit abbreviation-definition pair in the source.,Explicit source definition,Smart Phrases 2_28_24.rtf: extracted text line 3520
AD,Alzheimer's disease,Explicit abbreviation-definition pair in the source.,Explicit source definition,Smart Phrases 2_28_24.rtf: extracted text line 3611
CBS,corticobasal syndrome,Explicit abbreviation-definition pair in the source.,Explicit source definition,Smart Phrases 2_28_24.rtf: extracted text line 3615
CBDS,corticobasal degeneration syndrome,Explicit abbreviation-definition pair in the source.,Explicit source definition,Smart Phrases 2_28_24.rtf: extracted text line 3616
FDOPA PET,fluorodopa positron emission tomography,Explicit abbreviation-definition pair in the source.,Explicit source definition,Smart Phrases 2_28_24.rtf: extracted text line 3625
VNS,Vagus Nerve Stimulator,Explicit abbreviation-definition pair in the source.,Explicit source definition,Smart Phrases 2_28_24.rtf: extracted text line 4218
FMD,fibromuscular dysplasia,Explicit abbreviation-definition pair in the source.,Explicit source definition,Smart Phrases 2_28_24.rtf: extracted text line 4512
UMHS,University of Michigan Health System,Explicit abbreviation-definition pair in the source.,Explicit source definition,Smart Phrases 2_28_24.rtf: extracted text line 4611
GMH,germinal matrix hemorrhage,Explicit abbreviation-definition pair in the source.,Explicit source definition,Smart Phrases 2_28_24.rtf: extracted text line 4662
PHS,Public Health Services,Explicit abbreviation-definition pair in the source.,Explicit source definition,Smart Phrases 2_28_24.rtf: extracted text line 7598
FGIDs,Functional Gastrointestinal Disorders,Explicit abbreviation-definition pair in the source.,Explicit source definition,Smart Phrases 2_28_24.rtf: extracted text line 7849
TCAs,Tricyclic antidepressants,Explicit abbreviation-definition pair in the source.,Explicit source definition,Smart Phrases 2_28_24.rtf: extracted text line 7890
SNRIs,serotonin- norepinephrine reuptake inhibitors,Explicit abbreviation-definition pair in the source.,Explicit source definition,Smart Phrases 2_28_24.rtf: extracted text line 7891
CBT,Cognitive Behavioral Therapy,Explicit abbreviation-definition pair in the source.,Explicit source definition,Smart Phrases 2_28_24.rtf: extracted text line 7934
CBF,cerebral blood flow,Explicit abbreviation-definition pair in the source.,Explicit source definition,Smart Phrases 2_28_24.rtf: extracted text line 8770
CBV,cerebral blood volume,Explicit abbreviation-definition pair in the source.,Explicit source definition,Smart Phrases 2_28_24.rtf: extracted text line 8771
MRS,Modified Rankin Scales,"Source uses plural ""Scales"" and uppercase MRS. Kept as a source-specific variant.",Explicit source definition,Smart Phrases 2_28_24.rtf: extracted text line 9160
CPP,cerebral perfusion pressure,Explicit abbreviation-definition pair in the source.,Explicit source definition,Smart Phrases 2_28_24.rtf: extracted text line 9348
TT,thrombin time,Explicit abbreviation-definition pair in the source.,Explicit source definition,Smart Phrases 2_28_24.rtf: extracted text line 9408
dTT,dilute thrombin time,Explicit abbreviation-definition pair in the source.,Explicit source definition,Smart Phrases 2_28_24.rtf: extracted text line 9408
GDC,Guglielmi platinum detachable coils,Explicit abbreviation-definition pair in the source.,Explicit source definition,Smart Phrases 2_28_24.rtf: extracted text line 9630
PM-SAH,Perimesencephalic hemorrhage,Explicit abbreviation-definition pair in the source. SAH context; source omits the word subarachnoid from this local definition.,Explicit source definition,Smart Phrases 2_28_24.rtf: extracted text line 9860
nPM-SAH,Non-perimesencephalic hemorrhage,Explicit abbreviation-definition pair in the source. SAH context; source omits the word subarachnoid from this local definition.,Explicit source definition,Smart Phrases 2_28_24.rtf: extracted text line 9862
NCSz,Non-Convulsive Seizures,Explicit abbreviation-definition pair in the source.,Explicit source definition,Smart Phrases 2_28_24.rtf: extracted text line 9994
CSE,convulsive status epilepticus,Explicit abbreviation-definition pair in the source.,Explicit source definition,Smart Phrases 2_28_24.rtf: extracted text line 9996
SE,status epilepticus,Explicit abbreviation-definition pair in the source.,Explicit source definition,Smart Phrases 2_28_24.rtf: extracted text line 10071
RSE,Refractory status epilepticus,Explicit abbreviation-definition pair in the source.,Explicit source definition,Smart Phrases 2_28_24.rtf: extracted text line 10087
SRSE,Super-refractory status epilepticus,Explicit abbreviation-definition pair in the source.,Explicit source definition,Smart Phrases 2_28_24.rtf: extracted text line 10091
APP,advanced practice provider,Explicit abbreviation-definition pair in the source.,Explicit source definition,Smart Phrases 2_28_24.rtf: extracted text line 10169
VF,ventricular fibrillation,Explicit abbreviation-definition pair in the source.,Explicit source definition,Smart Phrases 2_28_24.rtf: extracted text line 12202
VT,ventricular tachycardia,Explicit abbreviation-definition pair in the source.,Explicit source definition,Smart Phrases 2_28_24.rtf: extracted text line 12202
ICD,implantable cardioverter — defibrillator,Explicit abbreviation-definition pair in the source.,Explicit source definition,Smart Phrases 2_28_24.rtf: extracted text line 12218
EPS,electrophysiology study,Explicit abbreviation-definition pair in the source.,Explicit source definition,Smart Phrases 2_28_24.rtf: extracted text line 12223
PBC,Primary Biliary Cirrhosis,Explicit abbreviation-definition pair in the source.,Explicit source definition,Smart Phrases 2_28_24.rtf: extracted text line 12239
TMZ,Temozolomide,Explicit abbreviation-definition pair in the source.,Explicit source definition,Smart Phrases 2_28_24.rtf: extracted text line 12445
NEEs,non-epileptic events,Explicit abbreviation-definition pair in the source.,Explicit source definition,Smart Phrases 2_28_24.rtf: extracted text line 13178
DEXA,dual energy x-ray absorptiometry,Explicit abbreviation-definition pair in the source.,Explicit source definition,Smart Phrases 2_28_24.rtf: extracted text line 13259
RBD,REM Sleep Behavior Disorder,Explicit abbreviation-definition pair in the source.,Explicit source definition,Smart Phrases 2_28_24.rtf: extracted text line 13906
SUDEP,Sudden Unexplained Death in Epilepsy,"Source uses ""Unexplained"" here and ""Unexpected"" elsewhere. Both wordings are retained; no reconciliation performed.",Explicit source definition,Smart Phrases 2_28_24.rtf: extracted text line 14285
SUDEP,Sudden Unexpected Death in Epilepsy,Explicit abbreviation-definition pair in the source.,Explicit source definition,Smart Phrases 2_28_24.rtf: extracted text line 14299
CSHCS,Children's Special Health Care Services,Explicit abbreviation-definition pair in the source.,Explicit source definition,Smart Phrases 2_28_24.rtf: extracted text line 14447
SSI,Supplemental Security Income,Explicit abbreviation-definition pair in the source.,Explicit source definition,Smart Phrases 2_28_24.rtf: extracted text line 14499
CMHSPs,Community Mental Health Service Programs,Explicit abbreviation-definition pair in the source.,Explicit source definition,Smart Phrases 2_28_24.rtf: extracted text line 14514
CLS,Community Living Supports,Explicit abbreviation-definition pair in the source.,Explicit source definition,Smart Phrases 2_28_24.rtf: extracted text line 14528
CMHSP,Community Mental Health Services Program,Explicit abbreviation-definition pair in the source.,Explicit source definition,Smart Phrases 2_28_24.rtf: extracted text line 14533
RA,rheumatoid arthritis,Explicit abbreviation-definition pair in the source.,Explicit source definition,Smart Phrases 2_28_24.rtf: extracted text line 14672
PMR,polymyalgia rheumatica,Explicit abbreviation-definition pair in the source.,Explicit source definition,Smart Phrases 2_28_24.rtf: extracted text line 14673
SpA,spondyloarthritis,Explicit abbreviation-definition pair in the source.,Explicit source definition,Smart Phrases 2_28_24.rtf: extracted text line 14673
MCV,Mutated cyclic vimentin,Explicit abbreviation-definition pair in the source.,Explicit source definition,Smart Phrases 2_28_24.rtf: extracted text line 14678
UMAC,University of Michigan Aphasia Community,Explicit abbreviation-definition pair in the source.,Explicit source definition,Smart Phrases 2_28_24.rtf: extracted text line 15562
TSC,tuberous sclerosis,Explicit abbreviation-definition pair in the source.,Explicit source definition,Smart Phrases 2_28_24.rtf: extracted text line 15877
SEN,subependymal nodules,Explicit abbreviation-definition pair in the source.,Explicit source definition,Smart Phrases 2_28_24.rtf: extracted text line 15918
SEGA,subependymal giant-cell astrocytomas,Explicit abbreviation-definition pair in the source.,Explicit source definition,Smart Phrases 2_28_24.rtf: extracted text line 15919
LAM,lymphangioleiomyonnatosis,"Source spelling ""lymphangioleiomyonnatosis"" retained. Excluded from automatic replacement pending review.",Explicit source definition,Smart Phrases 2_28_24.rtf: extracted text line 15975
MMPH,multinodular multifocal pneumocyte hyperplasia,Explicit abbreviation-definition pair in the source.,Explicit source definition,Smart Phrases 2_28_24.rtf: extracted text line 15976
FDA,Food and Drug Administration,Explicit abbreviation-definition pair in the source.,Explicit source definition,Smart Phrases 2_28_24.rtf: extracted text line 15999
NINDS,National Institute of Neurological Disorders and Stroke,Explicit abbreviation-definition pair in the source.,Explicit source definition,Smart Phrases 2_28_24.rtf: extracted text line 16024
NIH,National Institutes of Health,Explicit abbreviation-definition pair in the source.,Explicit source definition,Smart Phrases 2_28_24.rtf: extracted text line 16024
RDCRN,Rare Diseases Clinical Research Network,Explicit abbreviation-definition pair in the source.,Explicit source definition,Smart Phrases 2_28_24.rtf: extracted text line 16039
BRAIN,Brain Resources and Information Network,Explicit abbreviation-definition pair in the source.,Explicit source definition,Smart Phrases 2_28_24.rtf: extracted text line 16050
NORD,National Organization for Rare Disorders,Explicit abbreviation-definition pair in the source.,Explicit source definition,Smart Phrases 2_28_24.rtf: extracted text line 16067
ENT,"ear, nose, and throat",Explicit abbreviation-definition pair in the source.,Explicit source definition,Smart Phrases 2_28_24.rtf: extracted text line 16175
TIA,Transient ischaemic attack,Explicit abbreviation-definition pair in the source.,Explicit source definition,Neuro Notes.pdf page 9: extracted text line 17
OPG,ortho-pantomography,Explicit abbreviation-definition pair in the source.,Explicit source definition,Neuro Notes.pdf page 11: extracted text line 14
ADLs,activities of daily living,Explicit abbreviation-definition pair in the source.,Explicit source definition,Smart Phrases 2_28_24.rtf: extracted text line 2519
AChEl,acetylcholinesterase inhibitor,"Source uses a final lowercase l, not uppercase I. Source spelling retained; excluded from automatic replacement pending review.",Explicit source definition,Smart Phrases 2_28_24.rtf: extracted text line 3062
PCV13,pneumococcal conjugate vaccine,Source-specific vaccine label. Valency is not stated in the expanded phrase; automatic replacement is limited to source definitions.,Explicit source definition,Smart Phrases 2_28_24.rtf: extracted text line 1977
PPSV23,pneumococcal polysaccharide vaccine,Source-specific vaccine label. Valency is not stated in the expanded phrase; automatic replacement is limited to source definitions.,Explicit source definition,Smart Phrases 2_28_24.rtf: extracted text line 1978
CMRO2,cerebral metabolic rate,Source-specific incomplete expansion: the oxygen component is not written out. Excluded from automatic replacement.,Explicit source definition,Smart Phrases 2_28_24.rtf: extracted text line 8773
ddAVP,desmopressin,Case variant explicitly used in the source.,Explicit source definition,Smart Phrases 2_28_24.rtf: extracted text line 9380
PCC-Kcentra,Prothrombin Complex Concentrate,Source uses a combined abbreviation/product label. Not a general synonym for all PCC products; excluded from automatic replacement.,Explicit source definition,Smart Phrases 2_28_24.rtf: extracted text line 9437
APCC,Activated Prothrombin Complex Concentrate,The parenthetical source label is APCC- FEIBA. APCC is the abbreviation and FEIBA is the accompanying product label.,Explicit source definition,Smart Phrases 2_28_24.rtf: extracted text line 9440
MHC,Major Histocompatibility Complex,Expanded phrase and parenthetical acronym are separated by interleaved diagram text in the source. No clinical wording was corrected.,Explicit source definition,Smart Phrases 2_28_24.rtf: extracted text line 12249
HPI,History of present illness,"Abbreviation and expanded wording both occur in the supplied documents; contextual pairing, not a formal local definition.",Source-supported contextual pairing,Smart Phrases 2_28_24.rtf: abbreviation at extracted text line 2704; Smart Phrases 2_28_24.rtf: expanded wording at extracted text line 4755
PMH,Past medical history,"Abbreviation and expanded wording both occur in the supplied documents; contextual pairing, not a formal local definition.",Source-supported contextual pairing,Smart Phrases 2_28_24.rtf: abbreviation at extracted text line 170; Smart Phrases 2_28_24.rtf: expanded wording at extracted text line 2826
PMHx,Past medical history,"Abbreviation and expanded wording both occur in the supplied documents; contextual pairing, not a formal local definition.",Source-supported contextual pairing,Smart Phrases 2_28_24.rtf: abbreviation at extracted text line 5541; Smart Phrases 2_28_24.rtf: expanded wording at extracted text line 2826
PSH,Past surgical history,"Abbreviation and expanded wording both occur in the supplied documents; contextual pairing, not a formal local definition. History heading, distinct from paroxysmal sympathetic hyperactivity.",Source-supported contextual pairing,Smart Phrases 2_28_24.rtf: abbreviation at extracted text line 172; Smart Phrases 2_28_24.rtf: expanded wording at extracted text line 2911
FH,Family history,"Abbreviation and expanded wording both occur in the supplied documents; contextual pairing, not a formal local definition.",Source-supported contextual pairing,Smart Phrases 2_28_24.rtf: abbreviation at extracted text line 173; Smart Phrases 2_28_24.rtf: expanded wording at extracted text line 858
FHx,Family history,"Abbreviation and expanded wording both occur in the supplied documents; contextual pairing, not a formal local definition.",Source-supported contextual pairing,Smart Phrases 2_28_24.rtf: abbreviation at extracted text line 5545; Smart Phrases 2_28_24.rtf: expanded wording at extracted text line 858
SOCH,Social history,"Abbreviation and expanded wording both occur in the supplied documents; contextual pairing, not a formal local definition.",Source-supported contextual pairing,Smart Phrases 2_28_24.rtf: abbreviation at extracted text line 174; Smart Phrases 2_28_24.rtf: expanded wording at extracted text line 2149
SOCHx,Social history,"Abbreviation and expanded wording both occur in the supplied documents; contextual pairing, not a formal local definition.",Source-supported contextual pairing,Smart Phrases 2_28_24.rtf: abbreviation at extracted text line 5547; Smart Phrases 2_28_24.rtf: expanded wording at extracted text line 2149
ROS,Review of systems,"Abbreviation and expanded wording both occur in the supplied documents; contextual pairing, not a formal local definition.",Source-supported contextual pairing,Smart Phrases 2_28_24.rtf: abbreviation at extracted text line 2707; Smart Phrases 2_28_24.rtf: expanded wording at extracted text line 4714
ALLG,Allergies,"Abbreviation and expanded wording both occur in the supplied documents; contextual pairing, not a formal local definition.",Source-supported contextual pairing,Smart Phrases 2_28_24.rtf: abbreviation at extracted text line 175; Smart Phrases 2_28_24.rtf: expanded wording at extracted text line 2162
NAD,No acute distress,"Abbreviation and expanded wording both occur in the supplied documents; contextual pairing, not a formal local definition.",Source-supported contextual pairing,Smart Phrases 2_28_24.rtf: abbreviation at extracted text line 2012; Smart Phrases 2_28_24.rtf: expanded wording at extracted text line 180
NAD,No apparent distress,"Abbreviation and expanded wording both occur in the supplied documents; contextual pairing, not a formal local definition.",Source-supported contextual pairing,Smart Phrases 2_28_24.rtf: abbreviation at extracted text line 2012; Smart Phrases 2_28_24.rtf: expanded wording at extracted text line 5023
MMM,Moist mucous membranes,"Abbreviation and expanded wording both occur in the supplied documents; contextual pairing, not a formal local definition.",Source-supported contextual pairing,Smart Phrases 2_28_24.rtf: abbreviation at extracted text line 2732; Smart Phrases 2_28_24.rtf: expanded wording at extracted text line 180
CTAB,Clear to auscultation bilaterally,"Abbreviation and expanded wording both occur in the supplied documents; contextual pairing, not a formal local definition.",Source-supported contextual pairing,Smart Phrases 2_28_24.rtf: abbreviation at extracted text line 2015; Smart Phrases 2_28_24.rtf: expanded wording at extracted text line 6413
CTAB/L,Clear to auscultation bilaterally,"Abbreviation and expanded wording both occur in the supplied documents; contextual pairing, not a formal local definition.",Source-supported contextual pairing,Smart Phrases 2_28_24.rtf: abbreviation at extracted text line 4932; Smart Phrases 2_28_24.rtf: expanded wording at extracted text line 6413
ABD,Abdomen,"Abbreviation and expanded wording both occur in the supplied documents; contextual pairing, not a formal local definition.",Source-supported contextual pairing,Smart Phrases 2_28_24.rtf: abbreviation at extracted text line 2016; Smart Phrases 2_28_24.rtf: expanded wording at extracted text line 1527
BS,Bowel sounds,"Abbreviation and expanded wording both occur in the supplied documents; contextual pairing, not a formal local definition.",Source-supported contextual pairing,Smart Phrases 2_28_24.rtf: abbreviation at extracted text line 2016; Smart Phrases 2_28_24.rtf: expanded wording at extracted text line 4733
NTTP,Nontender to palpation,"Abbreviation and expanded wording both occur in the supplied documents; contextual pairing, not a formal local definition.",Source-supported contextual pairing,Smart Phrases 2_28_24.rtf: abbreviation at extracted text line 13013; Smart Phrases 2_28_24.rtf: expanded wording at extracted text line 4933
NC/AT,Normocephalic and atraumatic,"Abbreviation and expanded wording both occur in the supplied documents; contextual pairing, not a formal local definition.",Source-supported contextual pairing,Smart Phrases 2_28_24.rtf: abbreviation at extracted text line 4929; Smart Phrases 2_28_24.rtf: expanded wording at extracted text line 7094
AT/NC,Atraumatic/normocephalic,"Abbreviation and expanded wording both occur in the supplied documents; contextual pairing, not a formal local definition.",Source-supported contextual pairing,Smart Phrases 2_28_24.rtf: abbreviation at extracted text line 4248; Smart Phrases 2_28_24.rtf: expanded wording at extracted text line 180
ROM,Range of motion,"Abbreviation and expanded wording both occur in the supplied documents; contextual pairing, not a formal local definition.",Source-supported contextual pairing,Smart Phrases 2_28_24.rtf: abbreviation at extracted text line 2661; Smart Phrases 2_28_24.rtf: expanded wording at extracted text line 317
VF,Visual fields,"Abbreviation and expanded wording both occur in the supplied documents; contextual pairing, not a formal local definition. Meaning is context-dependent; preserve the separate existing meanings.",Source-supported contextual pairing,Smart Phrases 2_28_24.rtf: abbreviation at extracted text line 2179; Smart Phrases 2_28_24.rtf: expanded wording at extracted text line 188
FNF,Finger-nose-finger,"Abbreviation and expanded wording both occur in the supplied documents; contextual pairing, not a formal local definition.",Source-supported contextual pairing,Smart Phrases 2_28_24.rtf: abbreviation at extracted text line 2888; Smart Phrases 2_28_24.rtf: expanded wording at extracted text line 2963
HKS,Heel-knee-shin,"Abbreviation and expanded wording both occur in the supplied documents; contextual pairing, not a formal local definition.",Source-supported contextual pairing,Smart Phrases 2_28_24.rtf: abbreviation at extracted text line 2890; Smart Phrases 2_28_24.rtf: expanded wording at extracted text line 2963
DTRs,Deep tendon reflexes,"Abbreviation and expanded wording both occur in the supplied documents; contextual pairing, not a formal local definition.",Source-supported contextual pairing,Smart Phrases 2_28_24.rtf: abbreviation at extracted text line 2770; Smart Phrases 2_28_24.rtf: expanded wording at extracted text line 4432
LT,Light touch,"Abbreviation and expanded wording both occur in the supplied documents; contextual pairing, not a formal local definition.",Source-supported contextual pairing,Smart Phrases 2_28_24.rtf: abbreviation at extracted text line 1460; Smart Phrases 2_28_24.rtf: expanded wording at extracted text line 189
LOC,Loss of consciousness,"Abbreviation and expanded wording both occur in the supplied documents; contextual pairing, not a formal local definition. Meaning is context-dependent; preserve the separate existing meanings.",Source-supported contextual pairing,Smart Phrases 2_28_24.rtf: abbreviation at extracted text line 7386; Smart Phrases 2_28_24.rtf: expanded wording at extracted text line 2339
LOC,Level of consciousness,"Abbreviation and expanded wording both occur in the supplied documents; contextual pairing, not a formal local definition. Meaning is context-dependent; preserve the separate existing meanings.",Source-supported contextual pairing,Smart Phrases 2_28_24.rtf: abbreviation at extracted text line 7386; Smart Phrases 2_28_24.rtf: expanded wording at extracted text line 7385
OTC,Over-the-counter,"Abbreviation and expanded wording both occur in the supplied documents; contextual pairing, not a formal local definition.",Source-supported contextual pairing,Smart Phrases 2_28_24.rtf: abbreviation at extracted text line 400; Smart Phrases 2_28_24.rtf: expanded wording at extracted text line 4044
OTC,Over the counter,"Abbreviation and expanded wording both occur in the supplied documents; contextual pairing, not a formal local definition.",Source-supported contextual pairing,Smart Phrases 2_28_24.rtf: abbreviation at extracted text line 400; Smart Phrases 2_28_24.rtf: expanded wording at extracted text line 12412
EMR,Electronic medical record,"Abbreviation and expanded wording both occur in the supplied documents; contextual pairing, not a formal local definition.",Source-supported contextual pairing,Smart Phrases 2_28_24.rtf: abbreviation at extracted text line 4987; Smart Phrases 2_28_24.rtf: expanded wording at extracted text line 10199
PCP,Primary care physician,"Abbreviation and expanded wording both occur in the supplied documents; contextual pairing, not a formal local definition. Meaning is context-dependent; preserve the separate existing meanings.",Source-supported contextual pairing,Smart Phrases 2_28_24.rtf: abbreviation at extracted text line 1965; Smart Phrases 2_28_24.rtf: expanded wording at extracted text line 1976
PCP,Primary care provider,"Abbreviation and expanded wording both occur in the supplied documents; contextual pairing, not a formal local definition. Meaning is context-dependent; preserve the separate existing meanings.",Source-supported contextual pairing,Smart Phrases 2_28_24.rtf: abbreviation at extracted text line 1965; Smart Phrases 2_28_24.rtf: expanded wording at extracted text line 13246
MSK,Musculoskeletal,"Abbreviation and expanded wording both occur in the supplied documents; contextual pairing, not a formal local definition.",Source-supported contextual pairing,Smart Phrases 2_28_24.rtf: abbreviation at extracted text line 274; Smart Phrases 2_28_24.rtf: expanded wording at extracted text line 7103
ALF,Acute liver failure,"Abbreviation and expanded wording both occur in the supplied documents; contextual pairing, not a formal local definition.",Source-supported contextual pairing,Smart Phrases 2_28_24.rtf: abbreviation at extracted text line 559; Smart Phrases 2_28_24.rtf: expanded wording at extracted text line 7649
HCC,Hepatocellular carcinoma,"Abbreviation and expanded wording both occur in the supplied documents; contextual pairing, not a formal local definition. Hepatic malignancy context; distinct from the older hierarchical-condition-category entry.",Source-supported contextual pairing,Smart Phrases 2_28_24.rtf: abbreviation at extracted text line 857; Smart Phrases 2_28_24.rtf: expanded wording at extracted text line 12179
HCV,Hepatitis C,"Abbreviation and expanded wording both occur in the supplied documents; contextual pairing, not a formal local definition.",Source-supported contextual pairing,Smart Phrases 2_28_24.rtf: abbreviation at extracted text line 834; Smart Phrases 2_28_24.rtf: expanded wording at extracted text line 1040
HBV,Hepatitis B,"Abbreviation and expanded wording both occur in the supplied documents; contextual pairing, not a formal local definition.",Source-supported contextual pairing,Smart Phrases 2_28_24.rtf: abbreviation at extracted text line 858; Smart Phrases 2_28_24.rtf: expanded wording at extracted text line 834
GFR,Glomerular filtration rate,"Abbreviation and expanded wording both occur in the supplied documents; contextual pairing, not a formal local definition.",Source-supported contextual pairing,Smart Phrases 2_28_24.rtf: abbreviation at extracted text line 958; Smart Phrases 2_28_24.rtf: expanded wording at extracted text line 232
PBC,Primary biliary cholangitis,"Abbreviation and expanded wording both occur in the supplied documents; contextual pairing, not a formal local definition.",Source-supported contextual pairing,Smart Phrases 2_28_24.rtf: abbreviation at extracted text line 1495; Smart Phrases 2_28_24.rtf: expanded wording at extracted text line 12308
PSC,Primary sclerosing cholangitis,"Abbreviation and expanded wording both occur in the supplied documents; contextual pairing, not a formal local definition.",Source-supported contextual pairing,Smart Phrases 2_28_24.rtf: abbreviation at extracted text line 1560; Smart Phrases 2_28_24.rtf: expanded wording at extracted text line 1547
ARB,Angiotensin receptor blocker,"Abbreviation and expanded wording both occur in the supplied documents; contextual pairing, not a formal local definition.",Source-supported contextual pairing,Smart Phrases 2_28_24.rtf: abbreviation at extracted text line 956; Smart Phrases 2_28_24.rtf: expanded wording at extracted text line 5239
ACE,Angiotensin-converting enzyme,"Abbreviation and expanded wording both occur in the supplied documents; contextual pairing, not a formal local definition.",Source-supported contextual pairing,Smart Phrases 2_28_24.rtf: abbreviation at extracted text line 956; Smart Phrases 2_28_24.rtf: expanded wording at extracted text line 5284
LMWH,Low molecular weight heparin,"Abbreviation and expanded wording both occur in the supplied documents; contextual pairing, not a formal local definition.",Source-supported contextual pairing,Smart Phrases 2_28_24.rtf: abbreviation at extracted text line 7741; Smart Phrases 2_28_24.rtf: expanded wording at extracted text line 9373
MS,Multiple sclerosis,"Abbreviation and expanded wording both occur in the supplied documents; contextual pairing, not a formal local definition. Meaning is context-dependent; preserve the separate existing meanings.",Source-supported contextual pairing,Smart Phrases 2_28_24.rtf: abbreviation at extracted text line 430; Smart Phrases 2_28_24.rtf: expanded wording at extracted text line 3486
MR,Magnetic resonance,"Abbreviation and expanded wording both occur in the supplied documents; contextual pairing, not a formal local definition. Meaning is context-dependent; preserve the separate existing meanings.",Source-supported contextual pairing,Smart Phrases 2_28_24.rtf: abbreviation at extracted text line 430; Smart Phrases 2_28_24.rtf: expanded wording at extracted text line 3623
LTM,Long-term monitoring,"Abbreviation and expanded wording both occur in the supplied documents; contextual pairing, not a formal local definition.",Source-supported contextual pairing,Smart Phrases 2_28_24.rtf: abbreviation at extracted text line 2141; Smart Phrases 2_28_24.rtf: expanded wording at extracted text line 10206
CBD,Corticobasal degeneration,"Abbreviation and expanded wording both occur in the supplied documents; contextual pairing, not a formal local definition.",Source-supported contextual pairing,Smart Phrases 2_28_24.rtf: abbreviation at extracted text line 3518; Smart Phrases 2_28_24.rtf: expanded wording at extracted text line 3562
CTS,Carpal tunnel syndrome,"Abbreviation and expanded wording both occur in the supplied documents; contextual pairing, not a formal local definition. Meaning is context-dependent; preserve the separate existing meanings.",Source-supported contextual pairing,Smart Phrases 2_28_24.rtf: abbreviation at extracted text line 2517; Smart Phrases 2_28_24.rtf: expanded wording at extracted text line 2516
MG,Myasthenia gravis,"Abbreviation and expanded wording both occur in the supplied documents; contextual pairing, not a formal local definition.",Source-supported contextual pairing,Smart Phrases 2_28_24.rtf: abbreviation at extracted text line 4539; Smart Phrases 2_28_24.rtf: expanded wording at extracted text line 8357
PD,Parkinson's disease,"Abbreviation and expanded wording both occur in the supplied documents; contextual pairing, not a formal local definition.",Source-supported contextual pairing,Smart Phrases 2_28_24.rtf: abbreviation at extracted text line 1490; Smart Phrases 2_28_24.rtf: expanded wording at extracted text line 3794
NPH,Normal pressure hydrocephalus,"Abbreviation and expanded wording both occur in the supplied documents; contextual pairing, not a formal local definition.",Source-supported contextual pairing,Smart Phrases 2_28_24.rtf: abbreviation at extracted text line 3520; Smart Phrases 2_28_24.rtf: expanded wording at extracted text line 2447
LMN,Lower motor neurone,"Abbreviation and expanded wording both occur in the supplied documents; contextual pairing, not a formal local definition.",Source-supported contextual pairing,"Smart Phrases 2_28_24.rtf: abbreviation at extracted text line 10361; Neuro Notes.pdf, page 2: expanded wording at extracted text line 4"
UMN,Upper motorneurone,"Abbreviation and expanded wording both occur in the supplied documents; contextual pairing, not a formal local definition.",Source-supported contextual pairing,"Smart Phrases 2_28_24.rtf: abbreviation at extracted text line 10360; Neuro Notes.pdf, page 2: expanded wording at extracted text line 60"
DCI,Delayed cerebral ischemia,"Abbreviation and expanded wording both occur in the supplied documents; contextual pairing, not a formal local definition.",Source-supported contextual pairing,Smart Phrases 2_28_24.rtf: abbreviation at extracted text line 9660; Smart Phrases 2_28_24.rtf: expanded wording at extracted text line 89
TBI,Traumatic brain injury,"Abbreviation and expanded wording both occur in the supplied documents; contextual pairing, not a formal local definition.",Source-supported contextual pairing,Smart Phrases 2_28_24.rtf: abbreviation at extracted text line 8619; Smart Phrases 2_28_24.rtf: expanded wording at extracted text line 3997
SCI,Spinal cord injury,"Abbreviation and expanded wording both occur in the supplied documents; contextual pairing, not a formal local definition.",Source-supported contextual pairing,Smart Phrases 2_28_24.rtf: abbreviation at extracted text line 10383; Smart Phrases 2_28_24.rtf: expanded wording at extracted text line 10374
SAH,Subarachnoid haemorrhage,"Abbreviation and expanded wording both occur in the supplied documents; contextual pairing, not a formal local definition.",Source-supported contextual pairing,"Smart Phrases 2_28_24.rtf: abbreviation at extracted text line 88; Neuro Notes.pdf, page 8: expanded wording at extracted text line 18"
SDH,Subdural haemorrhage,"Abbreviation and expanded wording both occur in the supplied documents; contextual pairing, not a formal local definition.",Source-supported contextual pairing,"Smart Phrases 2_28_24.rtf: abbreviation at extracted text line 15065; Neuro Notes.pdf, page 8: expanded wording at extracted text line 9"
IPH,Intraparenchymal haemorrhage,"Abbreviation and expanded wording both occur in the supplied documents; contextual pairing, not a formal local definition.",Source-supported contextual pairing,"Smart Phrases 2_28_24.rtf: abbreviation at extracted text line 2339; Neuro Notes.pdf, page 8: expanded wording at extracted text line 26"
AED,Antiepileptic drug,"Abbreviation and expanded wording both occur in the supplied documents; contextual pairing, not a formal local definition.",Source-supported contextual pairing,Smart Phrases 2_28_24.rtf: abbreviation at extracted text line 9557; Smart Phrases 2_28_24.rtf: expanded wording at extracted text line 10204
AEDs,Antiepileptic drugs,"Abbreviation and expanded wording both occur in the supplied documents; contextual pairing, not a formal local definition.",Source-supported contextual pairing,Smart Phrases 2_28_24.rtf: abbreviation at extracted text line 9928; Smart Phrases 2_28_24.rtf: expanded wording at extracted text line 4570
SOB,Shortness of breath,"Abbreviation and expanded wording both occur in the supplied documents; contextual pairing, not a formal local definition.",Source-supported contextual pairing,Smart Phrases 2_28_24.rtf: abbreviation at extracted text line 799; Smart Phrases 2_28_24.rtf: expanded wording at extracted text line 1665
SC,Subcutaneous,"Abbreviation and expanded wording both occur in the supplied documents; contextual pairing, not a formal local definition.",Source-supported contextual pairing,Smart Phrases 2_28_24.rtf: abbreviation at extracted text line 124; Smart Phrases 2_28_24.rtf: expanded wording at extracted text line 7137
SQ,Subcutaneous,"Abbreviation and expanded wording both occur in the supplied documents; contextual pairing, not a formal local definition.",Source-supported contextual pairing,Smart Phrases 2_28_24.rtf: abbreviation at extracted text line 566; Smart Phrases 2_28_24.rtf: expanded wording at extracted text line 7137
LOS,Length of stay,"Abbreviation and expanded wording both occur in the supplied documents; contextual pairing, not a formal local definition.",Source-supported contextual pairing,Smart Phrases 2_28_24.rtf: abbreviation at extracted text line 4909; Smart Phrases 2_28_24.rtf: expanded wording at extracted text line 4752
MRN,Medical record number,"Abbreviation and expanded wording both occur in the supplied documents; contextual pairing, not a formal local definition.",Source-supported contextual pairing,Smart Phrases 2_28_24.rtf: abbreviation at extracted text line 9140; Smart Phrases 2_28_24.rtf: expanded wording at extracted text line 16139
DOB,Date of birth,"Abbreviation and expanded wording both occur in the supplied documents; contextual pairing, not a formal local definition.",Source-supported contextual pairing,Smart Phrases 2_28_24.rtf: abbreviation at extracted text line 4150; Smart Phrases 2_28_24.rtf: expanded wording at extracted text line 14503
HCT,Hematocrit,"Abbreviation and expanded wording both occur in the supplied documents; contextual pairing, not a formal local definition.",Source-supported contextual pairing,Smart Phrases 2_28_24.rtf: abbreviation at extracted text line 8875; Smart Phrases 2_28_24.rtf: expanded wording at extracted text line 5615
ALB,Albumin,"Abbreviation and expanded wording both occur in the supplied documents; contextual pairing, not a formal local definition.",Source-supported contextual pairing,Smart Phrases 2_28_24.rtf: abbreviation at extracted text line 6429; Smart Phrases 2_28_24.rtf: expanded wording at extracted text line 959
IC,Internal capsule,"Abbreviation and expanded wording both occur in the supplied documents; contextual pairing, not a formal local definition. Meaning is context-dependent; preserve the separate existing meanings.",Source-supported contextual pairing,Smart Phrases 2_28_24.rtf: abbreviation at extracted text line 8190; Smart Phrases 2_28_24.rtf: expanded wording at extracted text line 9263
IBD,Inflammatory bowel disease,"Abbreviation and expanded wording both occur in the supplied documents; contextual pairing, not a formal local definition.",Source-supported contextual pairing,Smart Phrases 2_28_24.rtf: abbreviation at extracted text line 1574; Smart Phrases 2_28_24.rtf: expanded wording at extracted text line 7204
RF,Rheumatoid factor,"Abbreviation and expanded wording both occur in the supplied documents; contextual pairing, not a formal local definition. Meaning is context-dependent; preserve the separate existing meanings.",Source-supported contextual pairing,Smart Phrases 2_28_24.rtf: abbreviation at extracted text line 10492; Smart Phrases 2_28_24.rtf: expanded wording at extracted text line 2609
TSC,Tuberous sclerosis complex,"Abbreviation and expanded wording both occur in the supplied documents; contextual pairing, not a formal local definition.",Source-supported contextual pairing,Smart Phrases 2_28_24.rtf: abbreviation at extracted text line 15855; Smart Phrases 2_28_24.rtf: expanded wording at extracted text line 15878
VNS,Vagus nerve stimulation,"Abbreviation and expanded wording both occur in the supplied documents; contextual pairing, not a formal local definition.",Source-supported contextual pairing,Smart Phrases 2_28_24.rtf: abbreviation at extracted text line 4218; Smart Phrases 2_28_24.rtf: expanded wording at extracted text line 16155
PLIC,Posterior limb of internal capsule,Source wording/spelling variant of an expanded form already represented in the original CSV.,Existing-dictionary alias observed in source,"Neuro Notes.pdf, page 3: extracted text line 19"
MCP,Middle cerebellar peduncles,Source wording/spelling variant of an expanded form already represented in the original CSV.,Existing-dictionary alias observed in source,"Neuro Notes.pdf, page 3: extracted text line 74"
